<?xml version="1.0" encoding="utf-8"?>
<COLLADA xmlns="http://www.collada.org/2005/11/COLLADASchema" version="1.4.1" xmlns:xsi="http://www.w3.org/2001/XMLSchema-instance">
  <asset>
    <contributor>
      <author>Blender User</author>
      <authoring_tool>Blender 3.4.1 commit date:2022-12-19, commit time:17:00, hash:55485cb379f7</authoring_tool>
    </contributor>
    <created>2026-05-24T18:01:53</created>
    <modified>2026-05-24T18:01:53</modified>
    <unit name="meter" meter="1"/>
    <up_axis>Z_UP</up_axis>
  </asset>
  <library_effects>
    <effect id="galvanized_trailer_steel-effect">
      <profile_COMMON>
        <technique sid="common">
          <lambert>
            <emission>
              <color sid="emission">0 0 0 1</color>
            </emission>
            <diffuse>
              <color sid="diffuse">0.4941176 0.5176471 0.5333334 1</color>
            </diffuse>
            <reflectivity>
              <float sid="specular">0.5</float>
            </reflectivity>
          </lambert>
        </technique>
      </profile_COMMON>
    </effect>
    <effect id="simple_black-painted_steel-effect">
      <profile_COMMON>
        <technique sid="common">
          <lambert>
            <emission>
              <color sid="emission">0 0 0 1</color>
            </emission>
            <diffuse>
              <color sid="diffuse">0.1372549 0.1490196 0.1568628 1</color>
            </diffuse>
            <reflectivity>
              <float sid="specular">0.5</float>
            </reflectivity>
          </lambert>
        </technique>
      </profile_COMMON>
    </effect>
    <effect id="corrugated_galvanized_metal-effect">
      <profile_COMMON>
        <technique sid="common">
          <lambert>
            <emission>
              <color sid="emission">0 0 0 1</color>
            </emission>
            <diffuse>
              <color sid="diffuse">0.627451 0.6509804 0.6509804 1</color>
            </diffuse>
            <reflectivity>
              <float sid="specular">0.5</float>
            </reflectivity>
          </lambert>
        </technique>
      </profile_COMMON>
    </effect>
    <effect id="rubber_tires-effect">
      <profile_COMMON>
        <technique sid="common">
          <lambert>
            <emission>
              <color sid="emission">0 0 0 1</color>
            </emission>
            <diffuse>
              <color sid="diffuse">0.07058824 0.07058824 0.07058824 1</color>
            </diffuse>
            <reflectivity>
              <float sid="specular">0.5</float>
            </reflectivity>
          </lambert>
        </technique>
      </profile_COMMON>
    </effect>
    <effect id="unfinished_plywood_floor-effect">
      <profile_COMMON>
        <technique sid="common">
          <lambert>
            <emission>
              <color sid="emission">0 0 0 1</color>
            </emission>
            <diffuse>
              <color sid="diffuse">0.7764706 0.6039216 0.3568628 1</color>
            </diffuse>
            <reflectivity>
              <float sid="specular">0.5</float>
            </reflectivity>
          </lambert>
        </technique>
      </profile_COMMON>
    </effect>
  </library_effects>
  <library_images/>
  <library_materials>
    <material id="galvanized_trailer_steel-material" name="galvanized trailer steel">
      <instance_effect url="#galvanized_trailer_steel-effect"/>
    </material>
    <material id="simple_black-painted_steel-material" name="simple black-painted steel">
      <instance_effect url="#simple_black-painted_steel-effect"/>
    </material>
    <material id="corrugated_galvanized_metal-material" name="corrugated galvanized metal">
      <instance_effect url="#corrugated_galvanized_metal-effect"/>
    </material>
    <material id="rubber_tires-material" name="rubber tires">
      <instance_effect url="#rubber_tires-effect"/>
    </material>
    <material id="unfinished_plywood_floor-material" name="unfinished plywood floor">
      <instance_effect url="#unfinished_plywood_floor-effect"/>
    </material>
  </library_materials>
  <library_geometries>
    <geometry id="simple_jack_stand_mesh_004-mesh" name="simple jack stand mesh.004">
      <mesh>
        <source id="simple_jack_stand_mesh_004-mesh-positions">
          <float_array id="simple_jack_stand_mesh_004-mesh-positions-array" count="24">-0.5 -0.5 -0.5 -0.5 -0.5 0.5 -0.5 0.5 -0.5 -0.5 0.5 0.5 0.5 -0.5 -0.5 0.5 -0.5 0.5 0.5 0.5 -0.5 0.5 0.5 0.5</float_array>
          <technique_common>
            <accessor source="#simple_jack_stand_mesh_004-mesh-positions-array" count="8" stride="3">
              <param name="X" type="float"/>
              <param name="Y" type="float"/>
              <param name="Z" type="float"/>
            </accessor>
          </technique_common>
        </source>
        <source id="simple_jack_stand_mesh_004-mesh-normals">
          <float_array id="simple_jack_stand_mesh_004-mesh-normals-array" count="18">-1 0 0 0 1 0 1 0 0 0 -1 0 0 0 -1 0 0 1</float_array>
          <technique_common>
            <accessor source="#simple_jack_stand_mesh_004-mesh-normals-array" count="6" stride="3">
              <param name="X" type="float"/>
              <param name="Y" type="float"/>
              <param name="Z" type="float"/>
            </accessor>
          </technique_common>
        </source>
        <source id="simple_jack_stand_mesh_004-mesh-map-0">
          <float_array id="simple_jack_stand_mesh_004-mesh-map-0-array" count="72">0.625 0 0.375 0.25 0.375 0 0.625 0.25 0.375 0.5 0.375 0.25 0.625 0.5 0.375 0.75 0.375 0.5 0.625 0.75 0.375 1 0.375 0.75 0.375 0.5 0.125 0.75 0.125 0.5 0.875 0.5 0.625 0.75 0.625 0.5 0.625 0 0.625 0.25 0.375 0.25 0.625 0.25 0.625 0.5 0.375 0.5 0.625 0.5 0.625 0.75 0.375 0.75 0.625 0.75 0.625 1 0.375 1 0.375 0.5 0.375 0.75 0.125 0.75 0.875 0.5 0.875 0.75 0.625 0.75</float_array>
          <technique_common>
            <accessor source="#simple_jack_stand_mesh_004-mesh-map-0-array" count="36" stride="2">
              <param name="S" type="float"/>
              <param name="T" type="float"/>
            </accessor>
          </technique_common>
        </source>
        <vertices id="simple_jack_stand_mesh_004-mesh-vertices">
          <input semantic="POSITION" source="#simple_jack_stand_mesh_004-mesh-positions"/>
        </vertices>
        <triangles material="galvanized_trailer_steel-material" count="12">
          <input semantic="VERTEX" source="#simple_jack_stand_mesh_004-mesh-vertices" offset="0"/>
          <input semantic="NORMAL" source="#simple_jack_stand_mesh_004-mesh-normals" offset="1"/>
          <input semantic="TEXCOORD" source="#simple_jack_stand_mesh_004-mesh-map-0" offset="2" set="0"/>
          <p>1 0 0 2 0 1 0 0 2 3 1 3 6 1 4 2 1 5 7 2 6 4 2 7 6 2 8 5 3 9 0 3 10 4 3 11 6 4 12 0 4 13 2 4 14 3 5 15 5 5 16 7 5 17 1 0 18 3 0 19 2 0 20 3 1 21 7 1 22 6 1 23 7 2 24 5 2 25 4 2 26 5 3 27 1 3 28 0 3 29 6 4 30 4 4 31 0 4 32 3 5 33 1 5 34 5 5 35</p>
        </triangles>
      </mesh>
    </geometry>
    <geometry id="off-the-shelf_hitch_coupler_mesh_004-mesh" name="off-the-shelf hitch coupler mesh.004">
      <mesh>
        <source id="off-the-shelf_hitch_coupler_mesh_004-mesh-positions">
          <float_array id="off-the-shelf_hitch_coupler_mesh_004-mesh-positions-array" count="24">-0.5 -0.5 -0.5 -0.5 -0.5 0.5 -0.5 0.5 -0.5 -0.5 0.5 0.5 0.5 -0.5 -0.5 0.5 -0.5 0.5 0.5 0.5 -0.5 0.5 0.5 0.5</float_array>
          <technique_common>
            <accessor source="#off-the-shelf_hitch_coupler_mesh_004-mesh-positions-array" count="8" stride="3">
              <param name="X" type="float"/>
              <param name="Y" type="float"/>
              <param name="Z" type="float"/>
            </accessor>
          </technique_common>
        </source>
        <source id="off-the-shelf_hitch_coupler_mesh_004-mesh-normals">
          <float_array id="off-the-shelf_hitch_coupler_mesh_004-mesh-normals-array" count="18">-1 0 0 0 1 0 1 0 0 0 -1 0 0 0 -1 0 0 1</float_array>
          <technique_common>
            <accessor source="#off-the-shelf_hitch_coupler_mesh_004-mesh-normals-array" count="6" stride="3">
              <param name="X" type="float"/>
              <param name="Y" type="float"/>
              <param name="Z" type="float"/>
            </accessor>
          </technique_common>
        </source>
        <source id="off-the-shelf_hitch_coupler_mesh_004-mesh-map-0">
          <float_array id="off-the-shelf_hitch_coupler_mesh_004-mesh-map-0-array" count="72">0.625 0 0.375 0.25 0.375 0 0.625 0.25 0.375 0.5 0.375 0.25 0.625 0.5 0.375 0.75 0.375 0.5 0.625 0.75 0.375 1 0.375 0.75 0.375 0.5 0.125 0.75 0.125 0.5 0.875 0.5 0.625 0.75 0.625 0.5 0.625 0 0.625 0.25 0.375 0.25 0.625 0.25 0.625 0.5 0.375 0.5 0.625 0.5 0.625 0.75 0.375 0.75 0.625 0.75 0.625 1 0.375 1 0.375 0.5 0.375 0.75 0.125 0.75 0.875 0.5 0.875 0.75 0.625 0.75</float_array>
          <technique_common>
            <accessor source="#off-the-shelf_hitch_coupler_mesh_004-mesh-map-0-array" count="36" stride="2">
              <param name="S" type="float"/>
              <param name="T" type="float"/>
            </accessor>
          </technique_common>
        </source>
        <vertices id="off-the-shelf_hitch_coupler_mesh_004-mesh-vertices">
          <input semantic="POSITION" source="#off-the-shelf_hitch_coupler_mesh_004-mesh-positions"/>
        </vertices>
        <triangles material="simple_black-painted_steel-material" count="12">
          <input semantic="VERTEX" source="#off-the-shelf_hitch_coupler_mesh_004-mesh-vertices" offset="0"/>
          <input semantic="NORMAL" source="#off-the-shelf_hitch_coupler_mesh_004-mesh-normals" offset="1"/>
          <input semantic="TEXCOORD" source="#off-the-shelf_hitch_coupler_mesh_004-mesh-map-0" offset="2" set="0"/>
          <p>1 0 0 2 0 1 0 0 2 3 1 3 6 1 4 2 1 5 7 2 6 4 2 7 6 2 8 5 3 9 0 3 10 4 3 11 6 4 12 0 4 13 2 4 14 3 5 15 5 5 16 7 5 17 1 0 18 3 0 19 2 0 20 3 1 21 7 1 22 6 1 23 7 2 24 5 2 25 4 2 26 5 3 27 1 3 28 0 3 29 6 4 30 4 4 31 0 4 32 3 5 33 1 5 34 5 5 35</p>
        </triangles>
      </mesh>
    </geometry>
    <geometry id="right_A-frame_hitch_rail_mesh_004-mesh" name="right A-frame hitch rail mesh.004">
      <mesh>
        <source id="right_A-frame_hitch_rail_mesh_004-mesh-positions">
          <float_array id="right_A-frame_hitch_rail_mesh_004-mesh-positions-array" count="24">16.74571 -0.01986724 0.2032 16.18691 -0.9342672 0.2032 16.12189 -0.8945327 0.2032 16.68069 0.01986724 0.2032 16.74571 -0.01986724 0.254 16.18691 -0.9342672 0.254 16.12189 -0.8945327 0.254 16.68069 0.01986724 0.254</float_array>
          <technique_common>
            <accessor source="#right_A-frame_hitch_rail_mesh_004-mesh-positions-array" count="8" stride="3">
              <param name="X" type="float"/>
              <param name="Y" type="float"/>
              <param name="Z" type="float"/>
            </accessor>
          </technique_common>
        </source>
        <source id="right_A-frame_hitch_rail_mesh_004-mesh-normals">
          <float_array id="right_A-frame_hitch_rail_mesh_004-mesh-normals-array" count="36">0 0 -1 0 0 1 0.8532816 -0.5214505 0 -0.5214326 -0.8532925 0 -0.8532806 0.5214521 0 0.5214604 0.8532755 0 0 0 -1 0 0 1 0.8532826 -0.5214487 0 -0.5214467 -0.853284 0 -0.8532817 0.5214502 0 0.5214467 0.853284 0</float_array>
          <technique_common>
            <accessor source="#right_A-frame_hitch_rail_mesh_004-mesh-normals-array" count="12" stride="3">
              <param name="X" type="float"/>
              <param name="Y" type="float"/>
              <param name="Z" type="float"/>
            </accessor>
          </technique_common>
        </source>
        <vertices id="right_A-frame_hitch_rail_mesh_004-mesh-vertices">
          <input semantic="POSITION" source="#right_A-frame_hitch_rail_mesh_004-mesh-positions"/>
        </vertices>
        <triangles material="simple_black-painted_steel-material" count="12">
          <input semantic="VERTEX" source="#right_A-frame_hitch_rail_mesh_004-mesh-vertices" offset="0"/>
          <input semantic="NORMAL" source="#right_A-frame_hitch_rail_mesh_004-mesh-normals" offset="1"/>
          <p>1 0 3 0 0 0 7 1 5 1 4 1 4 2 1 2 0 2 5 3 2 3 1 3 6 4 3 4 2 4 7 5 0 5 3 5 1 6 2 6 3 6 7 7 6 7 5 7 4 8 5 8 1 8 5 9 6 9 2 9 6 10 7 10 3 10 7 11 4 11 0 11</p>
        </triangles>
      </mesh>
    </geometry>
    <geometry id="left_A-frame_hitch_rail_mesh_004-mesh" name="left A-frame hitch rail mesh.004">
      <mesh>
        <source id="left_A-frame_hitch_rail_mesh_004-mesh-positions">
          <float_array id="left_A-frame_hitch_rail_mesh_004-mesh-positions-array" count="24">15.62811 0.01986724 0.2032 16.18691 -0.8945327 0.2032 16.12189 -0.9342672 0.2032 15.56309 -0.01986724 0.2032 15.62811 0.01986724 0.254 16.18691 -0.8945327 0.254 16.12189 -0.9342672 0.254 15.56309 -0.01986724 0.254</float_array>
          <technique_common>
            <accessor source="#left_A-frame_hitch_rail_mesh_004-mesh-positions-array" count="8" stride="3">
              <param name="X" type="float"/>
              <param name="Y" type="float"/>
              <param name="Z" type="float"/>
            </accessor>
          </technique_common>
        </source>
        <source id="left_A-frame_hitch_rail_mesh_004-mesh-normals">
          <float_array id="left_A-frame_hitch_rail_mesh_004-mesh-normals-array" count="33">0 0 -1 0 0 1 0.8532816 0.5214505 0 0.5214326 -0.8532925 0 -0.8532816 -0.5214505 0 -0.5214467 0.853284 0 0 0 -1 0 0 1 0.8532817 0.5214502 0 0.5214467 -0.853284 0 -0.8532826 -0.5214487 0</float_array>
          <technique_common>
            <accessor source="#left_A-frame_hitch_rail_mesh_004-mesh-normals-array" count="11" stride="3">
              <param name="X" type="float"/>
              <param name="Y" type="float"/>
              <param name="Z" type="float"/>
            </accessor>
          </technique_common>
        </source>
        <vertices id="left_A-frame_hitch_rail_mesh_004-mesh-vertices">
          <input semantic="POSITION" source="#left_A-frame_hitch_rail_mesh_004-mesh-positions"/>
        </vertices>
        <triangles material="simple_black-painted_steel-material" count="12">
          <input semantic="VERTEX" source="#left_A-frame_hitch_rail_mesh_004-mesh-vertices" offset="0"/>
          <input semantic="NORMAL" source="#left_A-frame_hitch_rail_mesh_004-mesh-normals" offset="1"/>
          <p>0 0 2 0 3 0 4 1 6 1 5 1 4 2 1 2 0 2 5 3 2 3 1 3 6 4 3 4 2 4 7 5 0 5 3 5 0 6 1 6 2 6 4 7 7 7 6 7 4 8 5 8 1 8 5 9 6 9 2 9 6 10 7 10 3 10 7 5 4 5 0 5</p>
        </triangles>
      </mesh>
    </geometry>
    <geometry id="right_simple_metal_fender_mesh_004-mesh" name="right simple metal fender mesh.004">
      <mesh>
        <source id="right_simple_metal_fender_mesh_004-mesh-positions">
          <float_array id="right_simple_metal_fender_mesh_004-mesh-positions-array" count="24">-0.5 -0.5 -0.5 -0.5 -0.5 0.5 -0.5 0.5 -0.5 -0.5 0.5 0.5 0.5 -0.5 -0.5 0.5 -0.5 0.5 0.5 0.5 -0.5 0.5 0.5 0.5</float_array>
          <technique_common>
            <accessor source="#right_simple_metal_fender_mesh_004-mesh-positions-array" count="8" stride="3">
              <param name="X" type="float"/>
              <param name="Y" type="float"/>
              <param name="Z" type="float"/>
            </accessor>
          </technique_common>
        </source>
        <source id="right_simple_metal_fender_mesh_004-mesh-normals">
          <float_array id="right_simple_metal_fender_mesh_004-mesh-normals-array" count="18">-1 0 0 0 1 0 1 0 0 0 -1 0 0 0 -1 0 0 1</float_array>
          <technique_common>
            <accessor source="#right_simple_metal_fender_mesh_004-mesh-normals-array" count="6" stride="3">
              <param name="X" type="float"/>
              <param name="Y" type="float"/>
              <param name="Z" type="float"/>
            </accessor>
          </technique_common>
        </source>
        <source id="right_simple_metal_fender_mesh_004-mesh-map-0">
          <float_array id="right_simple_metal_fender_mesh_004-mesh-map-0-array" count="72">0.625 0 0.375 0.25 0.375 0 0.625 0.25 0.375 0.5 0.375 0.25 0.625 0.5 0.375 0.75 0.375 0.5 0.625 0.75 0.375 1 0.375 0.75 0.375 0.5 0.125 0.75 0.125 0.5 0.875 0.5 0.625 0.75 0.625 0.5 0.625 0 0.625 0.25 0.375 0.25 0.625 0.25 0.625 0.5 0.375 0.5 0.625 0.5 0.625 0.75 0.375 0.75 0.625 0.75 0.625 1 0.375 1 0.375 0.5 0.375 0.75 0.125 0.75 0.875 0.5 0.875 0.75 0.625 0.75</float_array>
          <technique_common>
            <accessor source="#right_simple_metal_fender_mesh_004-mesh-map-0-array" count="36" stride="2">
              <param name="S" type="float"/>
              <param name="T" type="float"/>
            </accessor>
          </technique_common>
        </source>
        <vertices id="right_simple_metal_fender_mesh_004-mesh-vertices">
          <input semantic="POSITION" source="#right_simple_metal_fender_mesh_004-mesh-positions"/>
        </vertices>
        <triangles material="corrugated_galvanized_metal-material" count="12">
          <input semantic="VERTEX" source="#right_simple_metal_fender_mesh_004-mesh-vertices" offset="0"/>
          <input semantic="NORMAL" source="#right_simple_metal_fender_mesh_004-mesh-normals" offset="1"/>
          <input semantic="TEXCOORD" source="#right_simple_metal_fender_mesh_004-mesh-map-0" offset="2" set="0"/>
          <p>1 0 0 2 0 1 0 0 2 3 1 3 6 1 4 2 1 5 7 2 6 4 2 7 6 2 8 5 3 9 0 3 10 4 3 11 6 4 12 0 4 13 2 4 14 3 5 15 5 5 16 7 5 17 1 0 18 3 0 19 2 0 20 3 1 21 7 1 22 6 1 23 7 2 24 5 2 25 4 2 26 5 3 27 1 3 28 0 3 29 6 4 30 4 4 31 0 4 32 3 5 33 1 5 34 5 5 35</p>
        </triangles>
      </mesh>
    </geometry>
    <geometry id="left_simple_metal_fender_mesh_004-mesh" name="left simple metal fender mesh.004">
      <mesh>
        <source id="left_simple_metal_fender_mesh_004-mesh-positions">
          <float_array id="left_simple_metal_fender_mesh_004-mesh-positions-array" count="24">-0.5 -0.5 -0.5 -0.5 -0.5 0.5 -0.5 0.5 -0.5 -0.5 0.5 0.5 0.5 -0.5 -0.5 0.5 -0.5 0.5 0.5 0.5 -0.5 0.5 0.5 0.5</float_array>
          <technique_common>
            <accessor source="#left_simple_metal_fender_mesh_004-mesh-positions-array" count="8" stride="3">
              <param name="X" type="float"/>
              <param name="Y" type="float"/>
              <param name="Z" type="float"/>
            </accessor>
          </technique_common>
        </source>
        <source id="left_simple_metal_fender_mesh_004-mesh-normals">
          <float_array id="left_simple_metal_fender_mesh_004-mesh-normals-array" count="18">-1 0 0 0 1 0 1 0 0 0 -1 0 0 0 -1 0 0 1</float_array>
          <technique_common>
            <accessor source="#left_simple_metal_fender_mesh_004-mesh-normals-array" count="6" stride="3">
              <param name="X" type="float"/>
              <param name="Y" type="float"/>
              <param name="Z" type="float"/>
            </accessor>
          </technique_common>
        </source>
        <source id="left_simple_metal_fender_mesh_004-mesh-map-0">
          <float_array id="left_simple_metal_fender_mesh_004-mesh-map-0-array" count="72">0.625 0 0.375 0.25 0.375 0 0.625 0.25 0.375 0.5 0.375 0.25 0.625 0.5 0.375 0.75 0.375 0.5 0.625 0.75 0.375 1 0.375 0.75 0.375 0.5 0.125 0.75 0.125 0.5 0.875 0.5 0.625 0.75 0.625 0.5 0.625 0 0.625 0.25 0.375 0.25 0.625 0.25 0.625 0.5 0.375 0.5 0.625 0.5 0.625 0.75 0.375 0.75 0.625 0.75 0.625 1 0.375 1 0.375 0.5 0.375 0.75 0.125 0.75 0.875 0.5 0.875 0.75 0.625 0.75</float_array>
          <technique_common>
            <accessor source="#left_simple_metal_fender_mesh_004-mesh-map-0-array" count="36" stride="2">
              <param name="S" type="float"/>
              <param name="T" type="float"/>
            </accessor>
          </technique_common>
        </source>
        <vertices id="left_simple_metal_fender_mesh_004-mesh-vertices">
          <input semantic="POSITION" source="#left_simple_metal_fender_mesh_004-mesh-positions"/>
        </vertices>
        <triangles material="corrugated_galvanized_metal-material" count="12">
          <input semantic="VERTEX" source="#left_simple_metal_fender_mesh_004-mesh-vertices" offset="0"/>
          <input semantic="NORMAL" source="#left_simple_metal_fender_mesh_004-mesh-normals" offset="1"/>
          <input semantic="TEXCOORD" source="#left_simple_metal_fender_mesh_004-mesh-map-0" offset="2" set="0"/>
          <p>1 0 0 2 0 1 0 0 2 3 1 3 6 1 4 2 1 5 7 2 6 4 2 7 6 2 8 5 3 9 0 3 10 4 3 11 6 4 12 0 4 13 2 4 14 3 5 15 5 5 16 7 5 17 1 0 18 3 0 19 2 0 20 3 1 21 7 1 22 6 1 23 7 2 24 5 2 25 4 2 26 5 3 27 1 3 28 0 3 29 6 4 30 4 4 31 0 4 32 3 5 33 1 5 34 5 5 35</p>
        </triangles>
      </mesh>
    </geometry>
    <geometry id="right_trailer_wheel_galvanized_hub_mesh_004-mesh" name="right trailer wheel galvanized hub mesh.004">
      <mesh>
        <source id="right_trailer_wheel_galvanized_hub_mesh_004-mesh-positions">
          <float_array id="right_trailer_wheel_galvanized_hub_mesh_004-mesh-positions-array" count="120">0 0.1143 -0.01269996 0 0.1143 0.01269996 0.03532063 0.1087057 -0.01269996 0.03532063 0.1087057 0.01269996 0.06718385 0.09247064 -0.01269996 0.06718385 0.09247064 0.01269996 0.09247064 0.06718385 -0.01269996 0.09247064 0.06718385 0.01269996 0.1087057 0.03532063 -0.01269996 0.1087057 0.03532063 0.01269996 0.1143 0 -0.01269996 0.1143 0 0.01269996 0.1087057 -0.03532063 -0.01269996 0.1087057 -0.03532063 0.01269996 0.09247064 -0.06718385 -0.01269996 0.09247064 -0.06718385 0.01269996 0.06718385 -0.09247064 -0.01269996 0.06718385 -0.09247064 0.01269996 0.03532063 -0.1087057 -0.01269996 0.03532063 -0.1087057 0.01269996 0 -0.1143 -0.01269996 0 -0.1143 0.01269996 -0.03532063 -0.1087057 -0.01269996 -0.03532063 -0.1087057 0.01269996 -0.06718385 -0.09247064 -0.01269996 -0.06718385 -0.09247064 0.01269996 -0.09247064 -0.06718385 -0.01269996 -0.09247064 -0.06718385 0.01269996 -0.1087057 -0.03532063 -0.01269996 -0.1087057 -0.03532063 0.01269996 -0.1143 0 -0.01269996 -0.1143 0 0.01269996 -0.1087057 0.03532063 -0.01269996 -0.1087057 0.03532063 0.01269996 -0.09247064 0.06718385 -0.01269996 -0.09247064 0.06718385 0.01269996 -0.06718385 0.09247064 -0.01269996 -0.06718385 0.09247064 0.01269996 -0.03532063 0.1087057 -0.01269996 -0.03532063 0.1087057 0.01269996</float_array>
          <technique_common>
            <accessor source="#right_trailer_wheel_galvanized_hub_mesh_004-mesh-positions-array" count="40" stride="3">
              <param name="X" type="float"/>
              <param name="Y" type="float"/>
              <param name="Z" type="float"/>
            </accessor>
          </technique_common>
        </source>
        <source id="right_trailer_wheel_galvanized_hub_mesh_004-mesh-normals">
          <float_array id="right_trailer_wheel_galvanized_hub_mesh_004-mesh-normals-array" count="138">0.1564344 0.9876884 0 0.4539906 0.8910065 0 0.7071066 0.7071071 0 0.8910064 0.4539909 0 0.9876884 0.1564345 0 0.9876884 -0.1564345 0 0.8910065 -0.4539905 0 0.7071071 -0.7071065 0 0.4539906 -0.8910065 0 0.1564344 -0.9876884 0 -0.1564344 -0.9876884 0 -0.4539906 -0.8910065 0 -0.7071066 -0.7071071 0 -0.8910064 -0.4539909 0 -0.9876884 -0.1564345 0 -0.9876884 0.1564345 0 -0.8910065 0.4539905 0 -0.7071071 0.7071065 0 0 0 1 -0.4539906 0.8910065 0 -0.1564344 0.9876884 0 0 0 -1 0.4539906 0.8910065 0 0.7071071 0.7071065 0 0.8910065 0.4539905 0 0.8910064 -0.4539909 0 0.7071066 -0.7071071 0 0.4539906 -0.8910065 0 -0.4539906 -0.8910065 0 -0.7071071 -0.7071065 0 -0.8910065 -0.4539905 0 -0.8910064 0.4539909 0 -0.7071066 0.7071071 0 0 0 1 0 0 1 0 0 1 0 0 1 0 0 1 -2.03014e-7 0 1 0 0 1 -0.4539906 0.8910065 0 0 0 -1 1.47292e-7 0 -1 -1.47292e-7 0 -1 0 0 -1 0 0 -1</float_array>
          <technique_common>
            <accessor source="#right_trailer_wheel_galvanized_hub_mesh_004-mesh-normals-array" count="46" stride="3">
              <param name="X" type="float"/>
              <param name="Y" type="float"/>
              <param name="Z" type="float"/>
            </accessor>
          </technique_common>
        </source>
        <source id="right_trailer_wheel_galvanized_hub_mesh_004-mesh-map-0">
          <float_array id="right_trailer_wheel_galvanized_hub_mesh_004-mesh-map-0-array" count="456">1 1 0.95 0.5 1 0.5 0.95 1 0.9 0.5 0.95 0.5 0.9 1 0.85 0.5 0.9 0.5 0.85 1 0.8 0.5 0.85 0.5 0.8 1 0.75 0.5 0.8 0.5 0.75 1 0.6999999 0.5 0.75 0.5 0.6999999 1 0.6499999 0.5 0.6999999 0.5 0.6499999 1 0.5999999 0.5 0.6499999 0.5 0.5999999 1 0.5499999 0.5 0.5999999 0.5 0.5499999 1 0.4999999 0.5 0.5499999 0.5 0.4999999 1 0.4499999 0.5 0.4999999 0.5 0.4499999 1 0.3999999 0.5 0.4499999 0.5 0.3999999 1 0.3499999 0.5 0.3999999 0.5 0.3499999 1 0.2999998 0.5 0.3499999 0.5 0.2999998 1 0.2499998 0.5 0.2999998 0.5 0.2499998 1 0.1999998 0.5 0.2499998 0.5 0.1999998 1 0.1499998 0.5 0.1999998 0.5 0.1499998 1 0.09999984 0.5 0.1499998 0.5 0.02174639 0.1758359 0.4782536 0.1758359 0.3910685 0.4441641 0.09999984 1 0.04999983 0.5 0.09999984 0.5 0.04999983 1 -1.56462e-7 0.5 0.04999983 0.5 0.9441641 0.1089315 0.51 0.25 0.6758359 0.4782536 1 1 0.95 1 0.95 0.5 0.95 1 0.9 1 0.9 0.5 0.9 1 0.85 1 0.85 0.5 0.85 1 0.8 1 0.8 0.5 0.8 1 0.75 1 0.75 0.5 0.75 1 0.6999999 1 0.6999999 0.5 0.6999999 1 0.6499999 1 0.6499999 0.5 0.6499999 1 0.5999999 1 0.5999999 0.5 0.5999999 1 0.5499999 1 0.5499999 0.5 0.5499999 1 0.4999999 1 0.4999999 0.5 0.4999999 1 0.4499999 1 0.4499999 0.5 0.4499999 1 0.3999999 1 0.3999999 0.5 0.3999999 1 0.3499999 1 0.3499999 0.5 0.3499999 1 0.2999998 1 0.2999998 0.5 0.2999998 1 0.2499998 1 0.2499998 0.5 0.2499998 1 0.1999998 1 0.1999998 0.5 0.1999998 1 0.1499998 1 0.1499998 0.5 0.1499998 1 0.09999984 1 0.09999984 0.5 0.3910685 0.4441641 0.3241641 0.4782536 0.25 0.49 0.25 0.49 0.1758359 0.4782536 0.1089315 0.4441641 0.1089315 0.4441641 0.0558359 0.3910685 0.02174639 0.1758359 0.0558359 0.3910685 0.02174639 0.3241641 0.02174639 0.1758359 0.02174639 0.3241641 0.00999999 0.25 0.02174639 0.1758359 0.02174639 0.1758359 0.0558359 0.1089315 0.25 0.00999999 0.0558359 0.1089315 0.1089315 0.0558359 0.25 0.00999999 0.1089315 0.0558359 0.1758359 0.02174639 0.25 0.00999999 0.25 0.00999999 0.3241641 0.02174639 0.3910685 0.0558359 0.3910685 0.0558359 0.4441641 0.1089315 0.25 0.00999999 0.4441641 0.1089315 0.4782536 0.1758359 0.25 0.00999999 0.4782536 0.1758359 0.49 0.25 0.4782536 0.3241641 0.4782536 0.3241641 0.4441641 0.3910685 0.4782536 0.1758359 0.4441641 0.3910685 0.3910685 0.4441641 0.4782536 0.1758359 0.3910685 0.4441641 0.25 0.49 0.1089315 0.4441641 0.3910685 0.4441641 0.1089315 0.4441641 0.02174639 0.1758359 0.02174639 0.1758359 0.25 0.00999999 0.4782536 0.1758359 0.09999984 1 0.04999983 1 0.04999983 0.5 0.04999983 1 -1.56462e-7 1 -1.56462e-7 0.5 0.6758359 0.4782536 0.75 0.49 0.8241641 0.4782536 0.8241641 0.4782536 0.8910685 0.4441641 0.6758359 0.4782536 0.8910685 0.4441641 0.9441641 0.3910685 0.6758359 0.4782536 0.9441641 0.3910685 0.9782536 0.3241641 0.99 0.25 0.99 0.25 0.9782536 0.1758359 0.9441641 0.1089315 0.9441641 0.1089315 0.8910685 0.0558359 0.8241641 0.02174639 0.8241641 0.02174639 0.75 0.00999999 0.9441641 0.1089315 0.75 0.00999999 0.6758359 0.02174639 0.9441641 0.1089315 0.6758359 0.02174639 0.6089316 0.0558359 0.5558359 0.1089315 0.5558359 0.1089315 0.5217464 0.1758359 0.51 0.25 0.51 0.25 0.5217464 0.3241641 0.5558359 0.3910685 0.5558359 0.3910685 0.6089316 0.4441641 0.51 0.25 0.6089316 0.4441641 0.6758359 0.4782536 0.51 0.25 0.9441641 0.3910685 0.99 0.25 0.9441641 0.1089315 0.6758359 0.02174639 0.5558359 0.1089315 0.9441641 0.1089315 0.5558359 0.1089315 0.51 0.25 0.9441641 0.1089315 0.6758359 0.4782536 0.9441641 0.3910685 0.9441641 0.1089315</float_array>
          <technique_common>
            <accessor source="#right_trailer_wheel_galvanized_hub_mesh_004-mesh-map-0-array" count="228" stride="2">
              <param name="S" type="float"/>
              <param name="T" type="float"/>
            </accessor>
          </technique_common>
        </source>
        <vertices id="right_trailer_wheel_galvanized_hub_mesh_004-mesh-vertices">
          <input semantic="POSITION" source="#right_trailer_wheel_galvanized_hub_mesh_004-mesh-positions"/>
        </vertices>
        <triangles material="galvanized_trailer_steel-material" count="76">
          <input semantic="VERTEX" source="#right_trailer_wheel_galvanized_hub_mesh_004-mesh-vertices" offset="0"/>
          <input semantic="NORMAL" source="#right_trailer_wheel_galvanized_hub_mesh_004-mesh-normals" offset="1"/>
          <input semantic="TEXCOORD" source="#right_trailer_wheel_galvanized_hub_mesh_004-mesh-map-0" offset="2" set="0"/>
          <p>1 0 0 2 0 1 0 0 2 3 1 3 4 1 4 2 1 5 5 2 6 6 2 7 4 2 8 7 3 9 8 3 10 6 3 11 9 4 12 10 4 13 8 4 14 11 5 15 12 5 16 10 5 17 13 6 18 14 6 19 12 6 20 15 7 21 16 7 22 14 7 23 17 8 24 18 8 25 16 8 26 19 9 27 20 9 28 18 9 29 21 10 30 22 10 31 20 10 32 23 11 33 24 11 34 22 11 35 25 12 36 26 12 37 24 12 38 27 13 39 28 13 40 26 13 41 29 14 42 30 14 43 28 14 44 31 15 45 32 15 46 30 15 47 33 16 48 34 16 49 32 16 50 35 17 51 36 17 52 34 17 53 29 18 54 13 18 55 5 18 56 37 19 57 38 19 58 36 19 59 39 20 60 0 20 61 38 20 62 14 21 63 30 21 64 38 21 65 1 0 66 3 0 67 2 0 68 3 22 69 5 22 70 4 22 71 5 23 72 7 23 73 6 23 74 7 24 75 9 24 76 8 24 77 9 4 78 11 4 79 10 4 80 11 5 81 13 5 82 12 5 83 13 25 84 15 25 85 14 25 86 15 26 87 17 26 88 16 26 89 17 27 90 19 27 91 18 27 92 19 9 93 21 9 94 20 9 95 21 10 96 23 10 97 22 10 98 23 28 99 25 28 100 24 28 101 25 29 102 27 29 103 26 29 104 27 30 105 29 30 106 28 30 107 29 14 108 31 14 109 30 14 110 31 15 111 33 15 112 32 15 113 33 31 114 35 31 115 34 31 116 35 32 117 37 32 118 36 32 119 5 33 120 3 33 121 1 33 122 1 34 123 39 34 124 37 34 125 37 35 126 35 35 127 29 35 128 35 36 129 33 36 130 29 36 131 33 18 132 31 18 133 29 18 134 29 18 135 27 18 136 21 18 137 27 37 138 25 37 139 21 37 140 25 34 141 23 34 142 21 34 143 21 33 144 19 33 145 17 33 146 17 36 147 15 36 148 21 36 149 15 18 150 13 18 151 21 18 152 13 18 153 11 18 154 9 18 155 9 38 156 7 38 157 13 38 158 7 39 159 5 39 160 13 39 161 5 18 162 1 18 163 37 18 164 5 18 165 37 18 166 29 18 167 29 18 168 21 18 169 13 18 170 37 40 171 39 40 172 38 40 173 39 20 174 1 20 175 0 20 176 38 41 177 0 41 178 2 41 179 2 41 180 4 41 181 38 41 182 4 41 183 6 41 184 38 41 185 6 41 186 8 41 187 10 41 188 10 41 189 12 41 190 14 41 191 14 42 192 16 42 193 18 42 194 18 41 195 20 41 196 14 41 197 20 41 198 22 41 199 14 41 200 22 43 201 24 43 202 26 43 203 26 41 204 28 41 205 30 41 206 30 41 207 32 41 208 34 41 209 34 41 210 36 41 211 30 41 212 36 44 213 38 44 214 30 44 215 6 41 216 10 41 217 14 41 218 22 41 219 26 41 220 14 41 221 26 41 222 30 41 223 14 41 224 38 45 225 6 45 226 14 45 227</p>
        </triangles>
      </mesh>
    </geometry>
    <geometry id="right_trailer_wheel_mesh_004-mesh" name="right trailer wheel mesh.004">
      <mesh>
        <source id="right_trailer_wheel_mesh_004-mesh-positions">
          <float_array id="right_trailer_wheel_mesh_004-mesh-positions-array" count="192">0 0.3048 -0.0762 0 0.3048 0.0762 0.0594635 0.2989434 -0.0762 0.0594635 0.2989434 0.0762 0.1166419 0.2815985 -0.0762 0.1166419 0.2815985 0.0762 0.1693378 0.2534319 -0.0762 0.1693378 0.2534319 0.0762 0.2155261 0.2155261 -0.0762 0.2155261 0.2155261 0.0762 0.2534319 0.1693378 -0.0762 0.2534319 0.1693378 0.0762 0.2815985 0.1166419 -0.0762 0.2815985 0.1166419 0.0762 0.2989434 0.0594635 -0.0762 0.2989434 0.0594635 0.0762 0.3048 0 -0.0762 0.3048 0 0.0762 0.2989434 -0.0594635 -0.0762 0.2989434 -0.0594635 0.0762 0.2815985 -0.1166419 -0.0762 0.2815985 -0.1166419 0.0762 0.2534319 -0.1693378 -0.0762 0.2534319 -0.1693378 0.0762 0.2155261 -0.2155261 -0.0762 0.2155261 -0.2155261 0.0762 0.1693378 -0.2534319 -0.0762 0.1693378 -0.2534319 0.0762 0.1166419 -0.2815985 -0.0762 0.1166419 -0.2815985 0.0762 0.0594635 -0.2989434 -0.0762 0.0594635 -0.2989434 0.0762 0 -0.3048 -0.0762 0 -0.3048 0.0762 -0.0594635 -0.2989434 -0.0762 -0.0594635 -0.2989434 0.0762 -0.1166419 -0.2815985 -0.0762 -0.1166419 -0.2815985 0.0762 -0.1693378 -0.2534319 -0.0762 -0.1693378 -0.2534319 0.0762 -0.2155261 -0.2155261 -0.0762 -0.2155261 -0.2155261 0.0762 -0.2534319 -0.1693378 -0.0762 -0.2534319 -0.1693378 0.0762 -0.2815985 -0.1166419 -0.0762 -0.2815985 -0.1166419 0.0762 -0.2989434 -0.0594635 -0.0762 -0.2989434 -0.0594635 0.0762 -0.3048 0 -0.0762 -0.3048 0 0.0762 -0.2989434 0.0594635 -0.0762 -0.2989434 0.0594635 0.0762 -0.2815985 0.1166419 -0.0762 -0.2815985 0.1166419 0.0762 -0.2534319 0.1693378 -0.0762 -0.2534319 0.1693378 0.0762 -0.2155261 0.2155261 -0.0762 -0.2155261 0.2155261 0.0762 -0.1693378 0.2534319 -0.0762 -0.1693378 0.2534319 0.0762 -0.1166419 0.2815985 -0.0762 -0.1166419 0.2815985 0.0762 -0.0594635 0.2989434 -0.0762 -0.0594635 0.2989434 0.0762</float_array>
          <technique_common>
            <accessor source="#right_trailer_wheel_mesh_004-mesh-positions-array" count="64" stride="3">
              <param name="X" type="float"/>
              <param name="Y" type="float"/>
              <param name="Z" type="float"/>
            </accessor>
          </technique_common>
        </source>
        <source id="right_trailer_wheel_mesh_004-mesh-normals">
          <float_array id="right_trailer_wheel_mesh_004-mesh-normals-array" count="189">0.09801739 0.9951848 0 0.2902845 0.9569404 0 0.4713966 0.8819213 0 0.6343933 0.7730105 0 0.7730109 0.634393 0 0.8819211 0.4713971 0 0.9569403 0.290285 0 0.9951848 0.09801679 0 0.9951848 -0.09801763 0 0.9569405 -0.2902842 0 0.8819215 -0.4713965 0 0.7730104 -0.6343935 0 0.6343933 -0.7730105 0 0.4713966 -0.8819213 0 0.2902845 -0.9569404 0 0.09801739 -0.9951848 0 -0.09801739 -0.9951848 0 -0.2902845 -0.9569404 0 -0.4713966 -0.8819213 0 -0.6343933 -0.7730105 0 -0.7730109 -0.634393 0 -0.8819211 -0.4713971 0 -0.9569403 -0.290285 0 -0.9951848 -0.09801679 0 -0.9951848 0.09801763 0 -0.9569405 0.2902842 0 -0.8819215 0.4713965 0 -0.7730104 0.6343935 0 -0.6343933 0.7730105 0 -0.4713966 0.8819213 0 0 0 1 -0.2902845 0.9569404 0 -0.09801739 0.9951848 0 0 0 -1 0.7730104 0.6343935 0 0.8819215 0.4713965 0 0.9569405 0.2902842 0 0.9951848 0.09801763 0 0.9951848 -0.09801679 0 0.9569403 -0.290285 0 0.8819211 -0.4713971 0 0.7730109 -0.634393 0 -0.7730104 -0.6343935 0 -0.8819215 -0.4713965 0 -0.9569405 -0.2902842 0 -0.9951848 -0.09801763 0 -0.9951848 0.09801679 0 -0.9569403 0.290285 0 -0.8819211 0.4713971 0 -0.7730109 0.634393 0 -1.6714e-7 0 1 0 0 1 -1.33712e-6 0 1 6.6856e-7 0 1 1.33712e-6 0 1 -6.6856e-7 0 1 0 0 1 0 0 1 0 0 1 1.33712e-6 0 -1 1.33712e-6 0 -1 -1.33712e-6 0 -1 -1.33712e-6 0 -1</float_array>
          <technique_common>
            <accessor source="#right_trailer_wheel_mesh_004-mesh-normals-array" count="63" stride="3">
              <param name="X" type="float"/>
              <param name="Y" type="float"/>
              <param name="Z" type="float"/>
            </accessor>
          </technique_common>
        </source>
        <source id="right_trailer_wheel_mesh_004-mesh-map-0">
          <float_array id="right_trailer_wheel_mesh_004-mesh-map-0-array" count="744">1 1 0.96875 0.5 1 0.5 0.96875 1 0.9375 0.5 0.96875 0.5 0.9375 1 0.90625 0.5 0.9375 0.5 0.90625 1 0.875 0.5 0.90625 0.5 0.875 1 0.84375 0.5 0.875 0.5 0.84375 1 0.8125 0.5 0.84375 0.5 0.8125 1 0.78125 0.5 0.8125 0.5 0.78125 1 0.75 0.5 0.78125 0.5 0.75 1 0.71875 0.5 0.75 0.5 0.71875 1 0.6875 0.5 0.71875 0.5 0.6875 1 0.65625 0.5 0.6875 0.5 0.65625 1 0.625 0.5 0.65625 0.5 0.625 1 0.59375 0.5 0.625 0.5 0.59375 1 0.5625 0.5 0.59375 0.5 0.5625 1 0.53125 0.5 0.5625 0.5 0.53125 1 0.5 0.5 0.53125 0.5 0.5 1 0.46875 0.5 0.5 0.5 0.46875 1 0.4375 0.5 0.46875 0.5 0.4375 1 0.40625 0.5 0.4375 0.5 0.40625 1 0.375 0.5 0.40625 0.5 0.375 1 0.34375 0.5 0.375 0.5 0.34375 1 0.3125 0.5 0.34375 0.5 0.3125 1 0.28125 0.5 0.3125 0.5 0.28125 1 0.25 0.5 0.28125 0.5 0.25 1 0.21875 0.5 0.25 0.5 0.21875 1 0.1875 0.5 0.21875 0.5 0.1875 1 0.15625 0.5 0.1875 0.5 0.15625 1 0.125 0.5 0.15625 0.5 0.125 1 0.09375 0.5 0.125 0.5 0.09375 1 0.0625 0.5 0.09375 0.5 0.1581559 0.02826887 0.4717311 0.1581559 0.341844 0.4717311 0.0625 1 0.03125 0.5 0.0625 0.5 0.03125 1 0 0.5 0.03125 0.5 0.7968217 0.01461154 0.5146116 0.2031783 0.7031784 0.4853885 1 1 0.96875 1 0.96875 0.5 0.96875 1 0.9375 1 0.9375 0.5 0.9375 1 0.90625 1 0.90625 0.5 0.90625 1 0.875 1 0.875 0.5 0.875 1 0.84375 1 0.84375 0.5 0.84375 1 0.8125 1 0.8125 0.5 0.8125 1 0.78125 1 0.78125 0.5 0.78125 1 0.75 1 0.75 0.5 0.75 1 0.71875 1 0.71875 0.5 0.71875 1 0.6875 1 0.6875 0.5 0.6875 1 0.65625 1 0.65625 0.5 0.65625 1 0.625 1 0.625 0.5 0.625 1 0.59375 1 0.59375 0.5 0.59375 1 0.5625 1 0.5625 0.5 0.5625 1 0.53125 1 0.53125 0.5 0.53125 1 0.5 1 0.5 0.5 0.5 1 0.46875 1 0.46875 0.5 0.46875 1 0.4375 1 0.4375 0.5 0.4375 1 0.40625 1 0.40625 0.5 0.40625 1 0.375 1 0.375 0.5 0.375 1 0.34375 1 0.34375 0.5 0.34375 1 0.3125 1 0.3125 0.5 0.3125 1 0.28125 1 0.28125 0.5 0.28125 1 0.25 1 0.25 0.5 0.25 1 0.21875 1 0.21875 0.5 0.21875 1 0.1875 1 0.1875 0.5 0.1875 1 0.15625 1 0.15625 0.5 0.15625 1 0.125 1 0.125 0.5 0.125 1 0.09375 1 0.09375 0.5 0.09375 1 0.0625 1 0.0625 0.5 0.341844 0.4717311 0.2968217 0.4853885 0.25 0.49 0.25 0.49 0.2031783 0.4853885 0.341844 0.4717311 0.2031783 0.4853885 0.1581559 0.4717311 0.341844 0.4717311 0.1581559 0.4717311 0.1166631 0.4495527 0.08029437 0.4197056 0.08029437 0.4197056 0.05044728 0.3833369 0.02826887 0.341844 0.02826887 0.341844 0.01461154 0.2968217 0.00999999 0.25 0.00999999 0.25 0.01461154 0.2031783 0.02826887 0.341844 0.01461154 0.2031783 0.02826887 0.1581559 0.02826887 0.341844 0.02826887 0.1581559 0.05044728 0.1166631 0.08029437 0.08029437 0.08029437 0.08029437 0.1166631 0.05044728 0.1581559 0.02826887 0.1581559 0.02826887 0.2031783 0.01461154 0.341844 0.02826887 0.2031783 0.01461154 0.25 0.00999999 0.341844 0.02826887 0.25 0.00999999 0.2968217 0.01461154 0.341844 0.02826887 0.341844 0.02826887 0.3833369 0.05044728 0.4197056 0.08029437 0.4197056 0.08029437 0.4495527 0.1166631 0.4717311 0.1581559 0.4717311 0.1581559 0.4853885 0.2031783 0.4717311 0.341844 0.4853885 0.2031783 0.49 0.25 0.4717311 0.341844 0.49 0.25 0.4853885 0.2968217 0.4717311 0.341844 0.4717311 0.341844 0.4495527 0.3833369 0.4197056 0.4197056 0.4197056 0.4197056 0.3833369 0.4495527 0.341844 0.4717311 0.1581559 0.4717311 0.08029437 0.4197056 0.341844 0.4717311 0.08029437 0.4197056 0.02826887 0.341844 0.341844 0.4717311 0.02826887 0.1581559 0.08029437 0.08029437 0.02826887 0.341844 0.08029437 0.08029437 0.1581559 0.02826887 0.02826887 0.341844 0.341844 0.02826887 0.4197056 0.08029437 0.1581559 0.02826887 0.4197056 0.08029437 0.4717311 0.1581559 0.1581559 0.02826887 0.4717311 0.341844 0.4197056 0.4197056 0.4717311 0.1581559 0.4197056 0.4197056 0.341844 0.4717311 0.4717311 0.1581559 0.341844 0.4717311 0.02826887 0.341844 0.1581559 0.02826887 0.0625 1 0.03125 1 0.03125 0.5 0.03125 1 0 1 0 0.5 0.7031784 0.4853885 0.75 0.49 0.7968217 0.4853885 0.7968217 0.4853885 0.841844 0.4717311 0.8833369 0.4495527 0.8833369 0.4495527 0.9197056 0.4197056 0.9495527 0.3833369 0.9495527 0.3833369 0.9717311 0.341844 0.9853885 0.2968217 0.9853885 0.2968217 0.99 0.25 0.9853885 0.2031783 0.9853885 0.2031783 0.9717311 0.1581559 0.9495527 0.1166631 0.9495527 0.1166631 0.9197056 0.08029437 0.8833369 0.05044728 0.8833369 0.05044728 0.841844 0.02826887 0.7968217 0.01461154 0.7968217 0.01461154 0.75 0.00999999 0.7031784 0.01461154 0.7031784 0.01461154 0.658156 0.02826887 0.6166632 0.05044728 0.6166632 0.05044728 0.5802944 0.08029437 0.5504473 0.1166631 0.5504473 0.1166631 0.5282689 0.1581559 0.5146116 0.2031783 0.5146116 0.2031783 0.51 0.25 0.5146116 0.2968217 0.5146116 0.2968217 0.5282689 0.341844 0.5504473 0.3833369 0.5504473 0.3833369 0.5802944 0.4197056 0.6166632 0.4495527 0.6166632 0.4495527 0.658156 0.4717311 0.7031784 0.4853885 0.7031784 0.4853885 0.7968217 0.4853885 0.8833369 0.4495527 0.8833369 0.4495527 0.9495527 0.3833369 0.7031784 0.4853885 0.9495527 0.3833369 0.9853885 0.2968217 0.7031784 0.4853885 0.9853885 0.2968217 0.9853885 0.2031783 0.9495527 0.1166631 0.9495527 0.1166631 0.8833369 0.05044728 0.9853885 0.2968217 0.8833369 0.05044728 0.7968217 0.01461154 0.9853885 0.2968217 0.7968217 0.01461154 0.7031784 0.01461154 0.6166632 0.05044728 0.6166632 0.05044728 0.5504473 0.1166631 0.7968217 0.01461154 0.5504473 0.1166631 0.5146116 0.2031783 0.7968217 0.01461154 0.5146116 0.2031783 0.5146116 0.2968217 0.5504473 0.3833369 0.5504473 0.3833369 0.6166632 0.4495527 0.5146116 0.2031783 0.6166632 0.4495527 0.7031784 0.4853885 0.5146116 0.2031783 0.7031784 0.4853885 0.9853885 0.2968217 0.7968217 0.01461154</float_array>
          <technique_common>
            <accessor source="#right_trailer_wheel_mesh_004-mesh-map-0-array" count="372" stride="2">
              <param name="S" type="float"/>
              <param name="T" type="float"/>
            </accessor>
          </technique_common>
        </source>
        <vertices id="right_trailer_wheel_mesh_004-mesh-vertices">
          <input semantic="POSITION" source="#right_trailer_wheel_mesh_004-mesh-positions"/>
        </vertices>
        <triangles material="rubber_tires-material" count="124">
          <input semantic="VERTEX" source="#right_trailer_wheel_mesh_004-mesh-vertices" offset="0"/>
          <input semantic="NORMAL" source="#right_trailer_wheel_mesh_004-mesh-normals" offset="1"/>
          <input semantic="TEXCOORD" source="#right_trailer_wheel_mesh_004-mesh-map-0" offset="2" set="0"/>
          <p>1 0 0 2 0 1 0 0 2 3 1 3 4 1 4 2 1 5 5 2 6 6 2 7 4 2 8 7 3 9 8 3 10 6 3 11 9 4 12 10 4 13 8 4 14 11 5 15 12 5 16 10 5 17 13 6 18 14 6 19 12 6 20 15 7 21 16 7 22 14 7 23 17 8 24 18 8 25 16 8 26 19 9 27 20 9 28 18 9 29 21 10 30 22 10 31 20 10 32 23 11 33 24 11 34 22 11 35 25 12 36 26 12 37 24 12 38 27 13 39 28 13 40 26 13 41 29 14 42 30 14 43 28 14 44 31 15 45 32 15 46 30 15 47 33 16 48 34 16 49 32 16 50 35 17 51 36 17 52 34 17 53 37 18 54 38 18 55 36 18 56 39 19 57 40 19 58 38 19 59 41 20 60 42 20 61 40 20 62 43 21 63 44 21 64 42 21 65 45 22 66 46 22 67 44 22 68 47 23 69 48 23 70 46 23 71 49 24 72 50 24 73 48 24 74 51 25 75 52 25 76 50 25 77 53 26 78 54 26 79 52 26 80 55 27 81 56 27 82 54 27 83 57 28 84 58 28 85 56 28 86 59 29 87 60 29 88 58 29 89 37 30 90 21 30 91 5 30 92 61 31 93 62 31 94 60 31 95 63 32 96 0 32 97 62 32 98 30 33 99 46 33 100 62 33 101 1 0 102 3 0 103 2 0 104 3 1 105 5 1 106 4 1 107 5 2 108 7 2 109 6 2 110 7 3 111 9 3 112 8 3 113 9 34 114 11 34 115 10 34 116 11 35 117 13 35 118 12 35 119 13 36 120 15 36 121 14 36 122 15 37 123 17 37 124 16 37 125 17 38 126 19 38 127 18 38 128 19 39 129 21 39 130 20 39 131 21 40 132 23 40 133 22 40 134 23 41 135 25 41 136 24 41 137 25 12 138 27 12 139 26 12 140 27 13 141 29 13 142 28 13 143 29 14 144 31 14 145 30 14 146 31 15 147 33 15 148 32 15 149 33 16 150 35 16 151 34 16 152 35 17 153 37 17 154 36 17 155 37 18 156 39 18 157 38 18 158 39 19 159 41 19 160 40 19 161 41 42 162 43 42 163 42 42 164 43 43 165 45 43 166 44 43 167 45 44 168 47 44 169 46 44 170 47 45 171 49 45 172 48 45 173 49 46 174 51 46 175 50 46 176 51 47 177 53 47 178 52 47 179 53 48 180 55 48 181 54 48 182 55 49 183 57 49 184 56 49 185 57 28 186 59 28 187 58 28 188 59 29 189 61 29 190 60 29 191 5 50 192 3 50 193 1 50 194 1 51 195 63 51 196 5 51 197 63 51 198 61 51 199 5 51 200 61 51 201 59 51 202 57 51 203 57 51 204 55 51 205 53 51 206 53 52 207 51 52 208 49 52 209 49 51 210 47 51 211 53 51 212 47 51 213 45 51 214 53 51 215 45 53 216 43 53 217 41 53 218 41 51 219 39 51 220 37 51 221 37 51 222 35 51 223 29 51 224 35 51 225 33 51 226 29 51 227 33 51 228 31 51 229 29 51 230 29 51 231 27 51 232 25 51 233 25 51 234 23 51 235 21 51 236 21 51 237 19 51 238 13 51 239 19 51 240 17 51 241 13 51 242 17 54 243 15 54 244 13 54 245 13 55 246 11 55 247 9 55 248 9 51 249 7 51 250 5 51 251 61 51 252 57 51 253 5 51 254 57 56 255 53 56 256 5 56 257 45 51 258 41 51 259 53 51 260 41 51 261 37 51 262 53 51 263 29 51 264 25 51 265 37 51 266 25 57 267 21 57 268 37 57 269 13 51 270 9 51 271 21 51 272 9 51 273 5 51 274 21 51 275 5 58 276 53 58 277 37 58 278 61 31 279 63 31 280 62 31 281 63 32 282 1 32 283 0 32 284 62 33 285 0 33 286 2 33 287 2 33 288 4 33 289 6 33 290 6 33 291 8 33 292 10 33 293 10 59 294 12 59 295 14 59 296 14 33 297 16 33 298 18 33 299 18 60 300 20 60 301 22 60 302 22 33 303 24 33 304 26 33 305 26 33 306 28 33 307 30 33 308 30 33 309 32 33 310 34 33 311 34 33 312 36 33 313 38 33 314 38 33 315 40 33 316 42 33 317 42 61 318 44 61 319 46 61 320 46 33 321 48 33 322 50 33 323 50 62 324 52 62 325 54 62 326 54 33 327 56 33 328 58 33 329 58 33 330 60 33 331 62 33 332 62 33 333 2 33 334 6 33 335 6 33 336 10 33 337 62 33 338 10 33 339 14 33 340 62 33 341 14 33 342 18 33 343 22 33 344 22 33 345 26 33 346 14 33 347 26 33 348 30 33 349 14 33 350 30 33 351 34 33 352 38 33 353 38 33 354 42 33 355 30 33 356 42 33 357 46 33 358 30 33 359 46 33 360 50 33 361 54 33 362 54 33 363 58 33 364 46 33 365 58 33 366 62 33 367 46 33 368 62 33 369 14 33 370 30 33 371</p>
        </triangles>
      </mesh>
    </geometry>
    <geometry id="left_trailer_wheel_galvanized_hub_mesh_004-mesh" name="left trailer wheel galvanized hub mesh.004">
      <mesh>
        <source id="left_trailer_wheel_galvanized_hub_mesh_004-mesh-positions">
          <float_array id="left_trailer_wheel_galvanized_hub_mesh_004-mesh-positions-array" count="120">0 0.1143 -0.01269996 0 0.1143 0.01269996 0.03532063 0.1087057 -0.01269996 0.03532063 0.1087057 0.01269996 0.06718385 0.09247064 -0.01269996 0.06718385 0.09247064 0.01269996 0.09247064 0.06718385 -0.01269996 0.09247064 0.06718385 0.01269996 0.1087057 0.03532063 -0.01269996 0.1087057 0.03532063 0.01269996 0.1143 0 -0.01269996 0.1143 0 0.01269996 0.1087057 -0.03532063 -0.01269996 0.1087057 -0.03532063 0.01269996 0.09247064 -0.06718385 -0.01269996 0.09247064 -0.06718385 0.01269996 0.06718385 -0.09247064 -0.01269996 0.06718385 -0.09247064 0.01269996 0.03532063 -0.1087057 -0.01269996 0.03532063 -0.1087057 0.01269996 0 -0.1143 -0.01269996 0 -0.1143 0.01269996 -0.03532063 -0.1087057 -0.01269996 -0.03532063 -0.1087057 0.01269996 -0.06718385 -0.09247064 -0.01269996 -0.06718385 -0.09247064 0.01269996 -0.09247064 -0.06718385 -0.01269996 -0.09247064 -0.06718385 0.01269996 -0.1087057 -0.03532063 -0.01269996 -0.1087057 -0.03532063 0.01269996 -0.1143 0 -0.01269996 -0.1143 0 0.01269996 -0.1087057 0.03532063 -0.01269996 -0.1087057 0.03532063 0.01269996 -0.09247064 0.06718385 -0.01269996 -0.09247064 0.06718385 0.01269996 -0.06718385 0.09247064 -0.01269996 -0.06718385 0.09247064 0.01269996 -0.03532063 0.1087057 -0.01269996 -0.03532063 0.1087057 0.01269996</float_array>
          <technique_common>
            <accessor source="#left_trailer_wheel_galvanized_hub_mesh_004-mesh-positions-array" count="40" stride="3">
              <param name="X" type="float"/>
              <param name="Y" type="float"/>
              <param name="Z" type="float"/>
            </accessor>
          </technique_common>
        </source>
        <source id="left_trailer_wheel_galvanized_hub_mesh_004-mesh-normals">
          <float_array id="left_trailer_wheel_galvanized_hub_mesh_004-mesh-normals-array" count="138">0.1564344 0.9876884 0 0.4539906 0.8910065 0 0.7071066 0.7071071 0 0.8910064 0.4539909 0 0.9876884 0.1564345 0 0.9876884 -0.1564345 0 0.8910065 -0.4539905 0 0.7071071 -0.7071065 0 0.4539906 -0.8910065 0 0.1564344 -0.9876884 0 -0.1564344 -0.9876884 0 -0.4539906 -0.8910065 0 -0.7071066 -0.7071071 0 -0.8910064 -0.4539909 0 -0.9876884 -0.1564345 0 -0.9876884 0.1564345 0 -0.8910065 0.4539905 0 -0.7071071 0.7071065 0 0 0 1 -0.4539906 0.8910065 0 -0.1564344 0.9876884 0 0 0 -1 0.4539906 0.8910065 0 0.7071071 0.7071065 0 0.8910065 0.4539905 0 0.8910064 -0.4539909 0 0.7071066 -0.7071071 0 0.4539906 -0.8910065 0 -0.4539906 -0.8910065 0 -0.7071071 -0.7071065 0 -0.8910065 -0.4539905 0 -0.8910064 0.4539909 0 -0.7071066 0.7071071 0 0 0 1 0 0 1 0 0 1 0 0 1 0 0 1 -2.03014e-7 0 1 0 0 1 -0.4539906 0.8910065 0 0 0 -1 1.47292e-7 0 -1 -1.47292e-7 0 -1 0 0 -1 0 0 -1</float_array>
          <technique_common>
            <accessor source="#left_trailer_wheel_galvanized_hub_mesh_004-mesh-normals-array" count="46" stride="3">
              <param name="X" type="float"/>
              <param name="Y" type="float"/>
              <param name="Z" type="float"/>
            </accessor>
          </technique_common>
        </source>
        <source id="left_trailer_wheel_galvanized_hub_mesh_004-mesh-map-0">
          <float_array id="left_trailer_wheel_galvanized_hub_mesh_004-mesh-map-0-array" count="456">1 1 0.95 0.5 1 0.5 0.95 1 0.9 0.5 0.95 0.5 0.9 1 0.85 0.5 0.9 0.5 0.85 1 0.8 0.5 0.85 0.5 0.8 1 0.75 0.5 0.8 0.5 0.75 1 0.6999999 0.5 0.75 0.5 0.6999999 1 0.6499999 0.5 0.6999999 0.5 0.6499999 1 0.5999999 0.5 0.6499999 0.5 0.5999999 1 0.5499999 0.5 0.5999999 0.5 0.5499999 1 0.4999999 0.5 0.5499999 0.5 0.4999999 1 0.4499999 0.5 0.4999999 0.5 0.4499999 1 0.3999999 0.5 0.4499999 0.5 0.3999999 1 0.3499999 0.5 0.3999999 0.5 0.3499999 1 0.2999998 0.5 0.3499999 0.5 0.2999998 1 0.2499998 0.5 0.2999998 0.5 0.2499998 1 0.1999998 0.5 0.2499998 0.5 0.1999998 1 0.1499998 0.5 0.1999998 0.5 0.1499998 1 0.09999984 0.5 0.1499998 0.5 0.02174639 0.1758359 0.4782536 0.1758359 0.3910685 0.4441641 0.09999984 1 0.04999983 0.5 0.09999984 0.5 0.04999983 1 -1.56462e-7 0.5 0.04999983 0.5 0.9441641 0.1089315 0.51 0.25 0.6758359 0.4782536 1 1 0.95 1 0.95 0.5 0.95 1 0.9 1 0.9 0.5 0.9 1 0.85 1 0.85 0.5 0.85 1 0.8 1 0.8 0.5 0.8 1 0.75 1 0.75 0.5 0.75 1 0.6999999 1 0.6999999 0.5 0.6999999 1 0.6499999 1 0.6499999 0.5 0.6499999 1 0.5999999 1 0.5999999 0.5 0.5999999 1 0.5499999 1 0.5499999 0.5 0.5499999 1 0.4999999 1 0.4999999 0.5 0.4999999 1 0.4499999 1 0.4499999 0.5 0.4499999 1 0.3999999 1 0.3999999 0.5 0.3999999 1 0.3499999 1 0.3499999 0.5 0.3499999 1 0.2999998 1 0.2999998 0.5 0.2999998 1 0.2499998 1 0.2499998 0.5 0.2499998 1 0.1999998 1 0.1999998 0.5 0.1999998 1 0.1499998 1 0.1499998 0.5 0.1499998 1 0.09999984 1 0.09999984 0.5 0.3910685 0.4441641 0.3241641 0.4782536 0.25 0.49 0.25 0.49 0.1758359 0.4782536 0.1089315 0.4441641 0.1089315 0.4441641 0.0558359 0.3910685 0.02174639 0.1758359 0.0558359 0.3910685 0.02174639 0.3241641 0.02174639 0.1758359 0.02174639 0.3241641 0.00999999 0.25 0.02174639 0.1758359 0.02174639 0.1758359 0.0558359 0.1089315 0.25 0.00999999 0.0558359 0.1089315 0.1089315 0.0558359 0.25 0.00999999 0.1089315 0.0558359 0.1758359 0.02174639 0.25 0.00999999 0.25 0.00999999 0.3241641 0.02174639 0.3910685 0.0558359 0.3910685 0.0558359 0.4441641 0.1089315 0.25 0.00999999 0.4441641 0.1089315 0.4782536 0.1758359 0.25 0.00999999 0.4782536 0.1758359 0.49 0.25 0.4782536 0.3241641 0.4782536 0.3241641 0.4441641 0.3910685 0.4782536 0.1758359 0.4441641 0.3910685 0.3910685 0.4441641 0.4782536 0.1758359 0.3910685 0.4441641 0.25 0.49 0.1089315 0.4441641 0.3910685 0.4441641 0.1089315 0.4441641 0.02174639 0.1758359 0.02174639 0.1758359 0.25 0.00999999 0.4782536 0.1758359 0.09999984 1 0.04999983 1 0.04999983 0.5 0.04999983 1 -1.56462e-7 1 -1.56462e-7 0.5 0.6758359 0.4782536 0.75 0.49 0.8241641 0.4782536 0.8241641 0.4782536 0.8910685 0.4441641 0.6758359 0.4782536 0.8910685 0.4441641 0.9441641 0.3910685 0.6758359 0.4782536 0.9441641 0.3910685 0.9782536 0.3241641 0.99 0.25 0.99 0.25 0.9782536 0.1758359 0.9441641 0.1089315 0.9441641 0.1089315 0.8910685 0.0558359 0.8241641 0.02174639 0.8241641 0.02174639 0.75 0.00999999 0.9441641 0.1089315 0.75 0.00999999 0.6758359 0.02174639 0.9441641 0.1089315 0.6758359 0.02174639 0.6089316 0.0558359 0.5558359 0.1089315 0.5558359 0.1089315 0.5217464 0.1758359 0.51 0.25 0.51 0.25 0.5217464 0.3241641 0.5558359 0.3910685 0.5558359 0.3910685 0.6089316 0.4441641 0.51 0.25 0.6089316 0.4441641 0.6758359 0.4782536 0.51 0.25 0.9441641 0.3910685 0.99 0.25 0.9441641 0.1089315 0.6758359 0.02174639 0.5558359 0.1089315 0.9441641 0.1089315 0.5558359 0.1089315 0.51 0.25 0.9441641 0.1089315 0.6758359 0.4782536 0.9441641 0.3910685 0.9441641 0.1089315</float_array>
          <technique_common>
            <accessor source="#left_trailer_wheel_galvanized_hub_mesh_004-mesh-map-0-array" count="228" stride="2">
              <param name="S" type="float"/>
              <param name="T" type="float"/>
            </accessor>
          </technique_common>
        </source>
        <vertices id="left_trailer_wheel_galvanized_hub_mesh_004-mesh-vertices">
          <input semantic="POSITION" source="#left_trailer_wheel_galvanized_hub_mesh_004-mesh-positions"/>
        </vertices>
        <triangles material="galvanized_trailer_steel-material" count="76">
          <input semantic="VERTEX" source="#left_trailer_wheel_galvanized_hub_mesh_004-mesh-vertices" offset="0"/>
          <input semantic="NORMAL" source="#left_trailer_wheel_galvanized_hub_mesh_004-mesh-normals" offset="1"/>
          <input semantic="TEXCOORD" source="#left_trailer_wheel_galvanized_hub_mesh_004-mesh-map-0" offset="2" set="0"/>
          <p>1 0 0 2 0 1 0 0 2 3 1 3 4 1 4 2 1 5 5 2 6 6 2 7 4 2 8 7 3 9 8 3 10 6 3 11 9 4 12 10 4 13 8 4 14 11 5 15 12 5 16 10 5 17 13 6 18 14 6 19 12 6 20 15 7 21 16 7 22 14 7 23 17 8 24 18 8 25 16 8 26 19 9 27 20 9 28 18 9 29 21 10 30 22 10 31 20 10 32 23 11 33 24 11 34 22 11 35 25 12 36 26 12 37 24 12 38 27 13 39 28 13 40 26 13 41 29 14 42 30 14 43 28 14 44 31 15 45 32 15 46 30 15 47 33 16 48 34 16 49 32 16 50 35 17 51 36 17 52 34 17 53 29 18 54 13 18 55 5 18 56 37 19 57 38 19 58 36 19 59 39 20 60 0 20 61 38 20 62 14 21 63 30 21 64 38 21 65 1 0 66 3 0 67 2 0 68 3 22 69 5 22 70 4 22 71 5 23 72 7 23 73 6 23 74 7 24 75 9 24 76 8 24 77 9 4 78 11 4 79 10 4 80 11 5 81 13 5 82 12 5 83 13 25 84 15 25 85 14 25 86 15 26 87 17 26 88 16 26 89 17 27 90 19 27 91 18 27 92 19 9 93 21 9 94 20 9 95 21 10 96 23 10 97 22 10 98 23 28 99 25 28 100 24 28 101 25 29 102 27 29 103 26 29 104 27 30 105 29 30 106 28 30 107 29 14 108 31 14 109 30 14 110 31 15 111 33 15 112 32 15 113 33 31 114 35 31 115 34 31 116 35 32 117 37 32 118 36 32 119 5 33 120 3 33 121 1 33 122 1 34 123 39 34 124 37 34 125 37 35 126 35 35 127 29 35 128 35 36 129 33 36 130 29 36 131 33 18 132 31 18 133 29 18 134 29 18 135 27 18 136 21 18 137 27 37 138 25 37 139 21 37 140 25 34 141 23 34 142 21 34 143 21 33 144 19 33 145 17 33 146 17 36 147 15 36 148 21 36 149 15 18 150 13 18 151 21 18 152 13 18 153 11 18 154 9 18 155 9 38 156 7 38 157 13 38 158 7 39 159 5 39 160 13 39 161 5 18 162 1 18 163 37 18 164 5 18 165 37 18 166 29 18 167 29 18 168 21 18 169 13 18 170 37 40 171 39 40 172 38 40 173 39 20 174 1 20 175 0 20 176 38 41 177 0 41 178 2 41 179 2 41 180 4 41 181 38 41 182 4 41 183 6 41 184 38 41 185 6 41 186 8 41 187 10 41 188 10 41 189 12 41 190 14 41 191 14 42 192 16 42 193 18 42 194 18 41 195 20 41 196 14 41 197 20 41 198 22 41 199 14 41 200 22 43 201 24 43 202 26 43 203 26 41 204 28 41 205 30 41 206 30 41 207 32 41 208 34 41 209 34 41 210 36 41 211 30 41 212 36 44 213 38 44 214 30 44 215 6 41 216 10 41 217 14 41 218 22 41 219 26 41 220 14 41 221 26 41 222 30 41 223 14 41 224 38 45 225 6 45 226 14 45 227</p>
        </triangles>
      </mesh>
    </geometry>
    <geometry id="left_trailer_wheel_mesh_004-mesh" name="left trailer wheel mesh.004">
      <mesh>
        <source id="left_trailer_wheel_mesh_004-mesh-positions">
          <float_array id="left_trailer_wheel_mesh_004-mesh-positions-array" count="192">0 0.3048 -0.0762 0 0.3048 0.0762 0.0594635 0.2989434 -0.0762 0.0594635 0.2989434 0.0762 0.1166419 0.2815985 -0.0762 0.1166419 0.2815985 0.0762 0.1693378 0.2534319 -0.0762 0.1693378 0.2534319 0.0762 0.2155261 0.2155261 -0.0762 0.2155261 0.2155261 0.0762 0.2534319 0.1693378 -0.0762 0.2534319 0.1693378 0.0762 0.2815985 0.1166419 -0.0762 0.2815985 0.1166419 0.0762 0.2989434 0.0594635 -0.0762 0.2989434 0.0594635 0.0762 0.3048 0 -0.0762 0.3048 0 0.0762 0.2989434 -0.0594635 -0.0762 0.2989434 -0.0594635 0.0762 0.2815985 -0.1166419 -0.0762 0.2815985 -0.1166419 0.0762 0.2534319 -0.1693378 -0.0762 0.2534319 -0.1693378 0.0762 0.2155261 -0.2155261 -0.0762 0.2155261 -0.2155261 0.0762 0.1693378 -0.2534319 -0.0762 0.1693378 -0.2534319 0.0762 0.1166419 -0.2815985 -0.0762 0.1166419 -0.2815985 0.0762 0.0594635 -0.2989434 -0.0762 0.0594635 -0.2989434 0.0762 0 -0.3048 -0.0762 0 -0.3048 0.0762 -0.0594635 -0.2989434 -0.0762 -0.0594635 -0.2989434 0.0762 -0.1166419 -0.2815985 -0.0762 -0.1166419 -0.2815985 0.0762 -0.1693378 -0.2534319 -0.0762 -0.1693378 -0.2534319 0.0762 -0.2155261 -0.2155261 -0.0762 -0.2155261 -0.2155261 0.0762 -0.2534319 -0.1693378 -0.0762 -0.2534319 -0.1693378 0.0762 -0.2815985 -0.1166419 -0.0762 -0.2815985 -0.1166419 0.0762 -0.2989434 -0.0594635 -0.0762 -0.2989434 -0.0594635 0.0762 -0.3048 0 -0.0762 -0.3048 0 0.0762 -0.2989434 0.0594635 -0.0762 -0.2989434 0.0594635 0.0762 -0.2815985 0.1166419 -0.0762 -0.2815985 0.1166419 0.0762 -0.2534319 0.1693378 -0.0762 -0.2534319 0.1693378 0.0762 -0.2155261 0.2155261 -0.0762 -0.2155261 0.2155261 0.0762 -0.1693378 0.2534319 -0.0762 -0.1693378 0.2534319 0.0762 -0.1166419 0.2815985 -0.0762 -0.1166419 0.2815985 0.0762 -0.0594635 0.2989434 -0.0762 -0.0594635 0.2989434 0.0762</float_array>
          <technique_common>
            <accessor source="#left_trailer_wheel_mesh_004-mesh-positions-array" count="64" stride="3">
              <param name="X" type="float"/>
              <param name="Y" type="float"/>
              <param name="Z" type="float"/>
            </accessor>
          </technique_common>
        </source>
        <source id="left_trailer_wheel_mesh_004-mesh-normals">
          <float_array id="left_trailer_wheel_mesh_004-mesh-normals-array" count="189">0.09801739 0.9951848 0 0.2902845 0.9569404 0 0.4713966 0.8819213 0 0.6343933 0.7730105 0 0.7730109 0.634393 0 0.8819211 0.4713971 0 0.9569403 0.290285 0 0.9951848 0.09801679 0 0.9951848 -0.09801763 0 0.9569405 -0.2902842 0 0.8819215 -0.4713965 0 0.7730104 -0.6343935 0 0.6343933 -0.7730105 0 0.4713966 -0.8819213 0 0.2902845 -0.9569404 0 0.09801739 -0.9951848 0 -0.09801739 -0.9951848 0 -0.2902845 -0.9569404 0 -0.4713966 -0.8819213 0 -0.6343933 -0.7730105 0 -0.7730109 -0.634393 0 -0.8819211 -0.4713971 0 -0.9569403 -0.290285 0 -0.9951848 -0.09801679 0 -0.9951848 0.09801763 0 -0.9569405 0.2902842 0 -0.8819215 0.4713965 0 -0.7730104 0.6343935 0 -0.6343933 0.7730105 0 -0.4713966 0.8819213 0 0 0 1 -0.2902845 0.9569404 0 -0.09801739 0.9951848 0 0 0 -1 0.7730104 0.6343935 0 0.8819215 0.4713965 0 0.9569405 0.2902842 0 0.9951848 0.09801763 0 0.9951848 -0.09801679 0 0.9569403 -0.290285 0 0.8819211 -0.4713971 0 0.7730109 -0.634393 0 -0.7730104 -0.6343935 0 -0.8819215 -0.4713965 0 -0.9569405 -0.2902842 0 -0.9951848 -0.09801763 0 -0.9951848 0.09801679 0 -0.9569403 0.290285 0 -0.8819211 0.4713971 0 -0.7730109 0.634393 0 -1.6714e-7 0 1 0 0 1 -1.33712e-6 0 1 6.6856e-7 0 1 1.33712e-6 0 1 -6.6856e-7 0 1 0 0 1 0 0 1 0 0 1 1.33712e-6 0 -1 1.33712e-6 0 -1 -1.33712e-6 0 -1 -1.33712e-6 0 -1</float_array>
          <technique_common>
            <accessor source="#left_trailer_wheel_mesh_004-mesh-normals-array" count="63" stride="3">
              <param name="X" type="float"/>
              <param name="Y" type="float"/>
              <param name="Z" type="float"/>
            </accessor>
          </technique_common>
        </source>
        <source id="left_trailer_wheel_mesh_004-mesh-map-0">
          <float_array id="left_trailer_wheel_mesh_004-mesh-map-0-array" count="744">1 1 0.96875 0.5 1 0.5 0.96875 1 0.9375 0.5 0.96875 0.5 0.9375 1 0.90625 0.5 0.9375 0.5 0.90625 1 0.875 0.5 0.90625 0.5 0.875 1 0.84375 0.5 0.875 0.5 0.84375 1 0.8125 0.5 0.84375 0.5 0.8125 1 0.78125 0.5 0.8125 0.5 0.78125 1 0.75 0.5 0.78125 0.5 0.75 1 0.71875 0.5 0.75 0.5 0.71875 1 0.6875 0.5 0.71875 0.5 0.6875 1 0.65625 0.5 0.6875 0.5 0.65625 1 0.625 0.5 0.65625 0.5 0.625 1 0.59375 0.5 0.625 0.5 0.59375 1 0.5625 0.5 0.59375 0.5 0.5625 1 0.53125 0.5 0.5625 0.5 0.53125 1 0.5 0.5 0.53125 0.5 0.5 1 0.46875 0.5 0.5 0.5 0.46875 1 0.4375 0.5 0.46875 0.5 0.4375 1 0.40625 0.5 0.4375 0.5 0.40625 1 0.375 0.5 0.40625 0.5 0.375 1 0.34375 0.5 0.375 0.5 0.34375 1 0.3125 0.5 0.34375 0.5 0.3125 1 0.28125 0.5 0.3125 0.5 0.28125 1 0.25 0.5 0.28125 0.5 0.25 1 0.21875 0.5 0.25 0.5 0.21875 1 0.1875 0.5 0.21875 0.5 0.1875 1 0.15625 0.5 0.1875 0.5 0.15625 1 0.125 0.5 0.15625 0.5 0.125 1 0.09375 0.5 0.125 0.5 0.09375 1 0.0625 0.5 0.09375 0.5 0.1581559 0.02826887 0.4717311 0.1581559 0.341844 0.4717311 0.0625 1 0.03125 0.5 0.0625 0.5 0.03125 1 0 0.5 0.03125 0.5 0.7968217 0.01461154 0.5146116 0.2031783 0.7031784 0.4853885 1 1 0.96875 1 0.96875 0.5 0.96875 1 0.9375 1 0.9375 0.5 0.9375 1 0.90625 1 0.90625 0.5 0.90625 1 0.875 1 0.875 0.5 0.875 1 0.84375 1 0.84375 0.5 0.84375 1 0.8125 1 0.8125 0.5 0.8125 1 0.78125 1 0.78125 0.5 0.78125 1 0.75 1 0.75 0.5 0.75 1 0.71875 1 0.71875 0.5 0.71875 1 0.6875 1 0.6875 0.5 0.6875 1 0.65625 1 0.65625 0.5 0.65625 1 0.625 1 0.625 0.5 0.625 1 0.59375 1 0.59375 0.5 0.59375 1 0.5625 1 0.5625 0.5 0.5625 1 0.53125 1 0.53125 0.5 0.53125 1 0.5 1 0.5 0.5 0.5 1 0.46875 1 0.46875 0.5 0.46875 1 0.4375 1 0.4375 0.5 0.4375 1 0.40625 1 0.40625 0.5 0.40625 1 0.375 1 0.375 0.5 0.375 1 0.34375 1 0.34375 0.5 0.34375 1 0.3125 1 0.3125 0.5 0.3125 1 0.28125 1 0.28125 0.5 0.28125 1 0.25 1 0.25 0.5 0.25 1 0.21875 1 0.21875 0.5 0.21875 1 0.1875 1 0.1875 0.5 0.1875 1 0.15625 1 0.15625 0.5 0.15625 1 0.125 1 0.125 0.5 0.125 1 0.09375 1 0.09375 0.5 0.09375 1 0.0625 1 0.0625 0.5 0.341844 0.4717311 0.2968217 0.4853885 0.25 0.49 0.25 0.49 0.2031783 0.4853885 0.341844 0.4717311 0.2031783 0.4853885 0.1581559 0.4717311 0.341844 0.4717311 0.1581559 0.4717311 0.1166631 0.4495527 0.08029437 0.4197056 0.08029437 0.4197056 0.05044728 0.3833369 0.02826887 0.341844 0.02826887 0.341844 0.01461154 0.2968217 0.00999999 0.25 0.00999999 0.25 0.01461154 0.2031783 0.02826887 0.341844 0.01461154 0.2031783 0.02826887 0.1581559 0.02826887 0.341844 0.02826887 0.1581559 0.05044728 0.1166631 0.08029437 0.08029437 0.08029437 0.08029437 0.1166631 0.05044728 0.1581559 0.02826887 0.1581559 0.02826887 0.2031783 0.01461154 0.341844 0.02826887 0.2031783 0.01461154 0.25 0.00999999 0.341844 0.02826887 0.25 0.00999999 0.2968217 0.01461154 0.341844 0.02826887 0.341844 0.02826887 0.3833369 0.05044728 0.4197056 0.08029437 0.4197056 0.08029437 0.4495527 0.1166631 0.4717311 0.1581559 0.4717311 0.1581559 0.4853885 0.2031783 0.4717311 0.341844 0.4853885 0.2031783 0.49 0.25 0.4717311 0.341844 0.49 0.25 0.4853885 0.2968217 0.4717311 0.341844 0.4717311 0.341844 0.4495527 0.3833369 0.4197056 0.4197056 0.4197056 0.4197056 0.3833369 0.4495527 0.341844 0.4717311 0.1581559 0.4717311 0.08029437 0.4197056 0.341844 0.4717311 0.08029437 0.4197056 0.02826887 0.341844 0.341844 0.4717311 0.02826887 0.1581559 0.08029437 0.08029437 0.02826887 0.341844 0.08029437 0.08029437 0.1581559 0.02826887 0.02826887 0.341844 0.341844 0.02826887 0.4197056 0.08029437 0.1581559 0.02826887 0.4197056 0.08029437 0.4717311 0.1581559 0.1581559 0.02826887 0.4717311 0.341844 0.4197056 0.4197056 0.4717311 0.1581559 0.4197056 0.4197056 0.341844 0.4717311 0.4717311 0.1581559 0.341844 0.4717311 0.02826887 0.341844 0.1581559 0.02826887 0.0625 1 0.03125 1 0.03125 0.5 0.03125 1 0 1 0 0.5 0.7031784 0.4853885 0.75 0.49 0.7968217 0.4853885 0.7968217 0.4853885 0.841844 0.4717311 0.8833369 0.4495527 0.8833369 0.4495527 0.9197056 0.4197056 0.9495527 0.3833369 0.9495527 0.3833369 0.9717311 0.341844 0.9853885 0.2968217 0.9853885 0.2968217 0.99 0.25 0.9853885 0.2031783 0.9853885 0.2031783 0.9717311 0.1581559 0.9495527 0.1166631 0.9495527 0.1166631 0.9197056 0.08029437 0.8833369 0.05044728 0.8833369 0.05044728 0.841844 0.02826887 0.7968217 0.01461154 0.7968217 0.01461154 0.75 0.00999999 0.7031784 0.01461154 0.7031784 0.01461154 0.658156 0.02826887 0.6166632 0.05044728 0.6166632 0.05044728 0.5802944 0.08029437 0.5504473 0.1166631 0.5504473 0.1166631 0.5282689 0.1581559 0.5146116 0.2031783 0.5146116 0.2031783 0.51 0.25 0.5146116 0.2968217 0.5146116 0.2968217 0.5282689 0.341844 0.5504473 0.3833369 0.5504473 0.3833369 0.5802944 0.4197056 0.6166632 0.4495527 0.6166632 0.4495527 0.658156 0.4717311 0.7031784 0.4853885 0.7031784 0.4853885 0.7968217 0.4853885 0.8833369 0.4495527 0.8833369 0.4495527 0.9495527 0.3833369 0.7031784 0.4853885 0.9495527 0.3833369 0.9853885 0.2968217 0.7031784 0.4853885 0.9853885 0.2968217 0.9853885 0.2031783 0.9495527 0.1166631 0.9495527 0.1166631 0.8833369 0.05044728 0.9853885 0.2968217 0.8833369 0.05044728 0.7968217 0.01461154 0.9853885 0.2968217 0.7968217 0.01461154 0.7031784 0.01461154 0.6166632 0.05044728 0.6166632 0.05044728 0.5504473 0.1166631 0.7968217 0.01461154 0.5504473 0.1166631 0.5146116 0.2031783 0.7968217 0.01461154 0.5146116 0.2031783 0.5146116 0.2968217 0.5504473 0.3833369 0.5504473 0.3833369 0.6166632 0.4495527 0.5146116 0.2031783 0.6166632 0.4495527 0.7031784 0.4853885 0.5146116 0.2031783 0.7031784 0.4853885 0.9853885 0.2968217 0.7968217 0.01461154</float_array>
          <technique_common>
            <accessor source="#left_trailer_wheel_mesh_004-mesh-map-0-array" count="372" stride="2">
              <param name="S" type="float"/>
              <param name="T" type="float"/>
            </accessor>
          </technique_common>
        </source>
        <vertices id="left_trailer_wheel_mesh_004-mesh-vertices">
          <input semantic="POSITION" source="#left_trailer_wheel_mesh_004-mesh-positions"/>
        </vertices>
        <triangles material="rubber_tires-material" count="124">
          <input semantic="VERTEX" source="#left_trailer_wheel_mesh_004-mesh-vertices" offset="0"/>
          <input semantic="NORMAL" source="#left_trailer_wheel_mesh_004-mesh-normals" offset="1"/>
          <input semantic="TEXCOORD" source="#left_trailer_wheel_mesh_004-mesh-map-0" offset="2" set="0"/>
          <p>1 0 0 2 0 1 0 0 2 3 1 3 4 1 4 2 1 5 5 2 6 6 2 7 4 2 8 7 3 9 8 3 10 6 3 11 9 4 12 10 4 13 8 4 14 11 5 15 12 5 16 10 5 17 13 6 18 14 6 19 12 6 20 15 7 21 16 7 22 14 7 23 17 8 24 18 8 25 16 8 26 19 9 27 20 9 28 18 9 29 21 10 30 22 10 31 20 10 32 23 11 33 24 11 34 22 11 35 25 12 36 26 12 37 24 12 38 27 13 39 28 13 40 26 13 41 29 14 42 30 14 43 28 14 44 31 15 45 32 15 46 30 15 47 33 16 48 34 16 49 32 16 50 35 17 51 36 17 52 34 17 53 37 18 54 38 18 55 36 18 56 39 19 57 40 19 58 38 19 59 41 20 60 42 20 61 40 20 62 43 21 63 44 21 64 42 21 65 45 22 66 46 22 67 44 22 68 47 23 69 48 23 70 46 23 71 49 24 72 50 24 73 48 24 74 51 25 75 52 25 76 50 25 77 53 26 78 54 26 79 52 26 80 55 27 81 56 27 82 54 27 83 57 28 84 58 28 85 56 28 86 59 29 87 60 29 88 58 29 89 37 30 90 21 30 91 5 30 92 61 31 93 62 31 94 60 31 95 63 32 96 0 32 97 62 32 98 30 33 99 46 33 100 62 33 101 1 0 102 3 0 103 2 0 104 3 1 105 5 1 106 4 1 107 5 2 108 7 2 109 6 2 110 7 3 111 9 3 112 8 3 113 9 34 114 11 34 115 10 34 116 11 35 117 13 35 118 12 35 119 13 36 120 15 36 121 14 36 122 15 37 123 17 37 124 16 37 125 17 38 126 19 38 127 18 38 128 19 39 129 21 39 130 20 39 131 21 40 132 23 40 133 22 40 134 23 41 135 25 41 136 24 41 137 25 12 138 27 12 139 26 12 140 27 13 141 29 13 142 28 13 143 29 14 144 31 14 145 30 14 146 31 15 147 33 15 148 32 15 149 33 16 150 35 16 151 34 16 152 35 17 153 37 17 154 36 17 155 37 18 156 39 18 157 38 18 158 39 19 159 41 19 160 40 19 161 41 42 162 43 42 163 42 42 164 43 43 165 45 43 166 44 43 167 45 44 168 47 44 169 46 44 170 47 45 171 49 45 172 48 45 173 49 46 174 51 46 175 50 46 176 51 47 177 53 47 178 52 47 179 53 48 180 55 48 181 54 48 182 55 49 183 57 49 184 56 49 185 57 28 186 59 28 187 58 28 188 59 29 189 61 29 190 60 29 191 5 50 192 3 50 193 1 50 194 1 51 195 63 51 196 5 51 197 63 51 198 61 51 199 5 51 200 61 51 201 59 51 202 57 51 203 57 51 204 55 51 205 53 51 206 53 52 207 51 52 208 49 52 209 49 51 210 47 51 211 53 51 212 47 51 213 45 51 214 53 51 215 45 53 216 43 53 217 41 53 218 41 51 219 39 51 220 37 51 221 37 51 222 35 51 223 29 51 224 35 51 225 33 51 226 29 51 227 33 51 228 31 51 229 29 51 230 29 51 231 27 51 232 25 51 233 25 51 234 23 51 235 21 51 236 21 51 237 19 51 238 13 51 239 19 51 240 17 51 241 13 51 242 17 54 243 15 54 244 13 54 245 13 55 246 11 55 247 9 55 248 9 51 249 7 51 250 5 51 251 61 51 252 57 51 253 5 51 254 57 56 255 53 56 256 5 56 257 45 51 258 41 51 259 53 51 260 41 51 261 37 51 262 53 51 263 29 51 264 25 51 265 37 51 266 25 57 267 21 57 268 37 57 269 13 51 270 9 51 271 21 51 272 9 51 273 5 51 274 21 51 275 5 58 276 53 58 277 37 58 278 61 31 279 63 31 280 62 31 281 63 32 282 1 32 283 0 32 284 62 33 285 0 33 286 2 33 287 2 33 288 4 33 289 6 33 290 6 33 291 8 33 292 10 33 293 10 59 294 12 59 295 14 59 296 14 33 297 16 33 298 18 33 299 18 60 300 20 60 301 22 60 302 22 33 303 24 33 304 26 33 305 26 33 306 28 33 307 30 33 308 30 33 309 32 33 310 34 33 311 34 33 312 36 33 313 38 33 314 38 33 315 40 33 316 42 33 317 42 61 318 44 61 319 46 61 320 46 33 321 48 33 322 50 33 323 50 62 324 52 62 325 54 62 326 54 33 327 56 33 328 58 33 329 58 33 330 60 33 331 62 33 332 62 33 333 2 33 334 6 33 335 6 33 336 10 33 337 62 33 338 10 33 339 14 33 340 62 33 341 14 33 342 18 33 343 22 33 344 22 33 345 26 33 346 14 33 347 26 33 348 30 33 349 14 33 350 30 33 351 34 33 352 38 33 353 38 33 354 42 33 355 30 33 356 42 33 357 46 33 358 30 33 359 46 33 360 50 33 361 54 33 362 54 33 363 58 33 364 46 33 365 58 33 366 62 33 367 46 33 368 62 33 369 14 33 370 30 33 371</p>
        </triangles>
      </mesh>
    </geometry>
    <geometry id="single_axle_bar_mesh_004-mesh" name="single axle bar mesh.004">
      <mesh>
        <source id="single_axle_bar_mesh_004-mesh-positions">
          <float_array id="single_axle_bar_mesh_004-mesh-positions-array" count="24">-0.5 -0.5 -0.5 -0.5 -0.5 0.5 -0.5 0.5 -0.5 -0.5 0.5 0.5 0.5 -0.5 -0.5 0.5 -0.5 0.5 0.5 0.5 -0.5 0.5 0.5 0.5</float_array>
          <technique_common>
            <accessor source="#single_axle_bar_mesh_004-mesh-positions-array" count="8" stride="3">
              <param name="X" type="float"/>
              <param name="Y" type="float"/>
              <param name="Z" type="float"/>
            </accessor>
          </technique_common>
        </source>
        <source id="single_axle_bar_mesh_004-mesh-normals">
          <float_array id="single_axle_bar_mesh_004-mesh-normals-array" count="18">-1 0 0 0 1 0 1 0 0 0 -1 0 0 0 -1 0 0 1</float_array>
          <technique_common>
            <accessor source="#single_axle_bar_mesh_004-mesh-normals-array" count="6" stride="3">
              <param name="X" type="float"/>
              <param name="Y" type="float"/>
              <param name="Z" type="float"/>
            </accessor>
          </technique_common>
        </source>
        <source id="single_axle_bar_mesh_004-mesh-map-0">
          <float_array id="single_axle_bar_mesh_004-mesh-map-0-array" count="72">0.625 0 0.375 0.25 0.375 0 0.625 0.25 0.375 0.5 0.375 0.25 0.625 0.5 0.375 0.75 0.375 0.5 0.625 0.75 0.375 1 0.375 0.75 0.375 0.5 0.125 0.75 0.125 0.5 0.875 0.5 0.625 0.75 0.625 0.5 0.625 0 0.625 0.25 0.375 0.25 0.625 0.25 0.625 0.5 0.375 0.5 0.625 0.5 0.625 0.75 0.375 0.75 0.625 0.75 0.625 1 0.375 1 0.375 0.5 0.375 0.75 0.125 0.75 0.875 0.5 0.875 0.75 0.625 0.75</float_array>
          <technique_common>
            <accessor source="#single_axle_bar_mesh_004-mesh-map-0-array" count="36" stride="2">
              <param name="S" type="float"/>
              <param name="T" type="float"/>
            </accessor>
          </technique_common>
        </source>
        <vertices id="single_axle_bar_mesh_004-mesh-vertices">
          <input semantic="POSITION" source="#single_axle_bar_mesh_004-mesh-positions"/>
        </vertices>
        <triangles material="simple_black-painted_steel-material" count="12">
          <input semantic="VERTEX" source="#single_axle_bar_mesh_004-mesh-vertices" offset="0"/>
          <input semantic="NORMAL" source="#single_axle_bar_mesh_004-mesh-normals" offset="1"/>
          <input semantic="TEXCOORD" source="#single_axle_bar_mesh_004-mesh-map-0" offset="2" set="0"/>
          <p>1 0 0 2 0 1 0 0 2 3 1 3 6 1 4 2 1 5 7 2 6 4 2 7 6 2 8 5 3 9 0 3 10 4 3 11 6 4 12 0 4 13 2 4 14 3 5 15 5 5 16 7 5 17 1 0 18 3 0 19 2 0 20 3 1 21 7 1 22 6 1 23 7 2 24 5 2 25 4 2 26 5 3 27 1 3 28 0 3 29 6 4 30 4 4 31 0 4 32 3 5 33 1 5 34 5 5 35</p>
        </triangles>
      </mesh>
    </geometry>
    <geometry id="steel_crossmember_y_141_mesh_004-mesh" name="steel crossmember y=141 mesh.004">
      <mesh>
        <source id="steel_crossmember_y_141_mesh_004-mesh-positions">
          <float_array id="steel_crossmember_y_141_mesh_004-mesh-positions-array" count="24">-0.5 -0.5 -0.5 -0.5 -0.5 0.5 -0.5 0.5 -0.5 -0.5 0.5 0.5 0.5 -0.5 -0.5 0.5 -0.5 0.5 0.5 0.5 -0.5 0.5 0.5 0.5</float_array>
          <technique_common>
            <accessor source="#steel_crossmember_y_141_mesh_004-mesh-positions-array" count="8" stride="3">
              <param name="X" type="float"/>
              <param name="Y" type="float"/>
              <param name="Z" type="float"/>
            </accessor>
          </technique_common>
        </source>
        <source id="steel_crossmember_y_141_mesh_004-mesh-normals">
          <float_array id="steel_crossmember_y_141_mesh_004-mesh-normals-array" count="18">-1 0 0 0 1 0 1 0 0 0 -1 0 0 0 -1 0 0 1</float_array>
          <technique_common>
            <accessor source="#steel_crossmember_y_141_mesh_004-mesh-normals-array" count="6" stride="3">
              <param name="X" type="float"/>
              <param name="Y" type="float"/>
              <param name="Z" type="float"/>
            </accessor>
          </technique_common>
        </source>
        <source id="steel_crossmember_y_141_mesh_004-mesh-map-0">
          <float_array id="steel_crossmember_y_141_mesh_004-mesh-map-0-array" count="72">0.625 0 0.375 0.25 0.375 0 0.625 0.25 0.375 0.5 0.375 0.25 0.625 0.5 0.375 0.75 0.375 0.5 0.625 0.75 0.375 1 0.375 0.75 0.375 0.5 0.125 0.75 0.125 0.5 0.875 0.5 0.625 0.75 0.625 0.5 0.625 0 0.625 0.25 0.375 0.25 0.625 0.25 0.625 0.5 0.375 0.5 0.625 0.5 0.625 0.75 0.375 0.75 0.625 0.75 0.625 1 0.375 1 0.375 0.5 0.375 0.75 0.125 0.75 0.875 0.5 0.875 0.75 0.625 0.75</float_array>
          <technique_common>
            <accessor source="#steel_crossmember_y_141_mesh_004-mesh-map-0-array" count="36" stride="2">
              <param name="S" type="float"/>
              <param name="T" type="float"/>
            </accessor>
          </technique_common>
        </source>
        <vertices id="steel_crossmember_y_141_mesh_004-mesh-vertices">
          <input semantic="POSITION" source="#steel_crossmember_y_141_mesh_004-mesh-positions"/>
        </vertices>
        <triangles material="galvanized_trailer_steel-material" count="12">
          <input semantic="VERTEX" source="#steel_crossmember_y_141_mesh_004-mesh-vertices" offset="0"/>
          <input semantic="NORMAL" source="#steel_crossmember_y_141_mesh_004-mesh-normals" offset="1"/>
          <input semantic="TEXCOORD" source="#steel_crossmember_y_141_mesh_004-mesh-map-0" offset="2" set="0"/>
          <p>1 0 0 2 0 1 0 0 2 3 1 3 6 1 4 2 1 5 7 2 6 4 2 7 6 2 8 5 3 9 0 3 10 4 3 11 6 4 12 0 4 13 2 4 14 3 5 15 5 5 16 7 5 17 1 0 18 3 0 19 2 0 20 3 1 21 7 1 22 6 1 23 7 2 24 5 2 25 4 2 26 5 3 27 1 3 28 0 3 29 6 4 30 4 4 31 0 4 32 3 5 33 1 5 34 5 5 35</p>
        </triangles>
      </mesh>
    </geometry>
    <geometry id="steel_crossmember_y_120_mesh_004-mesh" name="steel crossmember y=120 mesh.004">
      <mesh>
        <source id="steel_crossmember_y_120_mesh_004-mesh-positions">
          <float_array id="steel_crossmember_y_120_mesh_004-mesh-positions-array" count="24">-0.5 -0.5 -0.5 -0.5 -0.5 0.5 -0.5 0.5 -0.5 -0.5 0.5 0.5 0.5 -0.5 -0.5 0.5 -0.5 0.5 0.5 0.5 -0.5 0.5 0.5 0.5</float_array>
          <technique_common>
            <accessor source="#steel_crossmember_y_120_mesh_004-mesh-positions-array" count="8" stride="3">
              <param name="X" type="float"/>
              <param name="Y" type="float"/>
              <param name="Z" type="float"/>
            </accessor>
          </technique_common>
        </source>
        <source id="steel_crossmember_y_120_mesh_004-mesh-normals">
          <float_array id="steel_crossmember_y_120_mesh_004-mesh-normals-array" count="18">-1 0 0 0 1 0 1 0 0 0 -1 0 0 0 -1 0 0 1</float_array>
          <technique_common>
            <accessor source="#steel_crossmember_y_120_mesh_004-mesh-normals-array" count="6" stride="3">
              <param name="X" type="float"/>
              <param name="Y" type="float"/>
              <param name="Z" type="float"/>
            </accessor>
          </technique_common>
        </source>
        <source id="steel_crossmember_y_120_mesh_004-mesh-map-0">
          <float_array id="steel_crossmember_y_120_mesh_004-mesh-map-0-array" count="72">0.625 0 0.375 0.25 0.375 0 0.625 0.25 0.375 0.5 0.375 0.25 0.625 0.5 0.375 0.75 0.375 0.5 0.625 0.75 0.375 1 0.375 0.75 0.375 0.5 0.125 0.75 0.125 0.5 0.875 0.5 0.625 0.75 0.625 0.5 0.625 0 0.625 0.25 0.375 0.25 0.625 0.25 0.625 0.5 0.375 0.5 0.625 0.5 0.625 0.75 0.375 0.75 0.625 0.75 0.625 1 0.375 1 0.375 0.5 0.375 0.75 0.125 0.75 0.875 0.5 0.875 0.75 0.625 0.75</float_array>
          <technique_common>
            <accessor source="#steel_crossmember_y_120_mesh_004-mesh-map-0-array" count="36" stride="2">
              <param name="S" type="float"/>
              <param name="T" type="float"/>
            </accessor>
          </technique_common>
        </source>
        <vertices id="steel_crossmember_y_120_mesh_004-mesh-vertices">
          <input semantic="POSITION" source="#steel_crossmember_y_120_mesh_004-mesh-positions"/>
        </vertices>
        <triangles material="galvanized_trailer_steel-material" count="12">
          <input semantic="VERTEX" source="#steel_crossmember_y_120_mesh_004-mesh-vertices" offset="0"/>
          <input semantic="NORMAL" source="#steel_crossmember_y_120_mesh_004-mesh-normals" offset="1"/>
          <input semantic="TEXCOORD" source="#steel_crossmember_y_120_mesh_004-mesh-map-0" offset="2" set="0"/>
          <p>1 0 0 2 0 1 0 0 2 3 1 3 6 1 4 2 1 5 7 2 6 4 2 7 6 2 8 5 3 9 0 3 10 4 3 11 6 4 12 0 4 13 2 4 14 3 5 15 5 5 16 7 5 17 1 0 18 3 0 19 2 0 20 3 1 21 7 1 22 6 1 23 7 2 24 5 2 25 4 2 26 5 3 27 1 3 28 0 3 29 6 4 30 4 4 31 0 4 32 3 5 33 1 5 34 5 5 35</p>
        </triangles>
      </mesh>
    </geometry>
    <geometry id="steel_crossmember_y_96_mesh_004-mesh" name="steel crossmember y=96 mesh.004">
      <mesh>
        <source id="steel_crossmember_y_96_mesh_004-mesh-positions">
          <float_array id="steel_crossmember_y_96_mesh_004-mesh-positions-array" count="24">-0.5 -0.5 -0.5 -0.5 -0.5 0.5 -0.5 0.5 -0.5 -0.5 0.5 0.5 0.5 -0.5 -0.5 0.5 -0.5 0.5 0.5 0.5 -0.5 0.5 0.5 0.5</float_array>
          <technique_common>
            <accessor source="#steel_crossmember_y_96_mesh_004-mesh-positions-array" count="8" stride="3">
              <param name="X" type="float"/>
              <param name="Y" type="float"/>
              <param name="Z" type="float"/>
            </accessor>
          </technique_common>
        </source>
        <source id="steel_crossmember_y_96_mesh_004-mesh-normals">
          <float_array id="steel_crossmember_y_96_mesh_004-mesh-normals-array" count="18">-1 0 0 0 1 0 1 0 0 0 -1 0 0 0 -1 0 0 1</float_array>
          <technique_common>
            <accessor source="#steel_crossmember_y_96_mesh_004-mesh-normals-array" count="6" stride="3">
              <param name="X" type="float"/>
              <param name="Y" type="float"/>
              <param name="Z" type="float"/>
            </accessor>
          </technique_common>
        </source>
        <source id="steel_crossmember_y_96_mesh_004-mesh-map-0">
          <float_array id="steel_crossmember_y_96_mesh_004-mesh-map-0-array" count="72">0.625 0 0.375 0.25 0.375 0 0.625 0.25 0.375 0.5 0.375 0.25 0.625 0.5 0.375 0.75 0.375 0.5 0.625 0.75 0.375 1 0.375 0.75 0.375 0.5 0.125 0.75 0.125 0.5 0.875 0.5 0.625 0.75 0.625 0.5 0.625 0 0.625 0.25 0.375 0.25 0.625 0.25 0.625 0.5 0.375 0.5 0.625 0.5 0.625 0.75 0.375 0.75 0.625 0.75 0.625 1 0.375 1 0.375 0.5 0.375 0.75 0.125 0.75 0.875 0.5 0.875 0.75 0.625 0.75</float_array>
          <technique_common>
            <accessor source="#steel_crossmember_y_96_mesh_004-mesh-map-0-array" count="36" stride="2">
              <param name="S" type="float"/>
              <param name="T" type="float"/>
            </accessor>
          </technique_common>
        </source>
        <vertices id="steel_crossmember_y_96_mesh_004-mesh-vertices">
          <input semantic="POSITION" source="#steel_crossmember_y_96_mesh_004-mesh-positions"/>
        </vertices>
        <triangles material="galvanized_trailer_steel-material" count="12">
          <input semantic="VERTEX" source="#steel_crossmember_y_96_mesh_004-mesh-vertices" offset="0"/>
          <input semantic="NORMAL" source="#steel_crossmember_y_96_mesh_004-mesh-normals" offset="1"/>
          <input semantic="TEXCOORD" source="#steel_crossmember_y_96_mesh_004-mesh-map-0" offset="2" set="0"/>
          <p>1 0 0 2 0 1 0 0 2 3 1 3 6 1 4 2 1 5 7 2 6 4 2 7 6 2 8 5 3 9 0 3 10 4 3 11 6 4 12 0 4 13 2 4 14 3 5 15 5 5 16 7 5 17 1 0 18 3 0 19 2 0 20 3 1 21 7 1 22 6 1 23 7 2 24 5 2 25 4 2 26 5 3 27 1 3 28 0 3 29 6 4 30 4 4 31 0 4 32 3 5 33 1 5 34 5 5 35</p>
        </triangles>
      </mesh>
    </geometry>
    <geometry id="steel_crossmember_y_72_mesh_004-mesh" name="steel crossmember y=72 mesh.004">
      <mesh>
        <source id="steel_crossmember_y_72_mesh_004-mesh-positions">
          <float_array id="steel_crossmember_y_72_mesh_004-mesh-positions-array" count="24">-0.5 -0.5 -0.5 -0.5 -0.5 0.5 -0.5 0.5 -0.5 -0.5 0.5 0.5 0.5 -0.5 -0.5 0.5 -0.5 0.5 0.5 0.5 -0.5 0.5 0.5 0.5</float_array>
          <technique_common>
            <accessor source="#steel_crossmember_y_72_mesh_004-mesh-positions-array" count="8" stride="3">
              <param name="X" type="float"/>
              <param name="Y" type="float"/>
              <param name="Z" type="float"/>
            </accessor>
          </technique_common>
        </source>
        <source id="steel_crossmember_y_72_mesh_004-mesh-normals">
          <float_array id="steel_crossmember_y_72_mesh_004-mesh-normals-array" count="18">-1 0 0 0 1 0 1 0 0 0 -1 0 0 0 -1 0 0 1</float_array>
          <technique_common>
            <accessor source="#steel_crossmember_y_72_mesh_004-mesh-normals-array" count="6" stride="3">
              <param name="X" type="float"/>
              <param name="Y" type="float"/>
              <param name="Z" type="float"/>
            </accessor>
          </technique_common>
        </source>
        <source id="steel_crossmember_y_72_mesh_004-mesh-map-0">
          <float_array id="steel_crossmember_y_72_mesh_004-mesh-map-0-array" count="72">0.625 0 0.375 0.25 0.375 0 0.625 0.25 0.375 0.5 0.375 0.25 0.625 0.5 0.375 0.75 0.375 0.5 0.625 0.75 0.375 1 0.375 0.75 0.375 0.5 0.125 0.75 0.125 0.5 0.875 0.5 0.625 0.75 0.625 0.5 0.625 0 0.625 0.25 0.375 0.25 0.625 0.25 0.625 0.5 0.375 0.5 0.625 0.5 0.625 0.75 0.375 0.75 0.625 0.75 0.625 1 0.375 1 0.375 0.5 0.375 0.75 0.125 0.75 0.875 0.5 0.875 0.75 0.625 0.75</float_array>
          <technique_common>
            <accessor source="#steel_crossmember_y_72_mesh_004-mesh-map-0-array" count="36" stride="2">
              <param name="S" type="float"/>
              <param name="T" type="float"/>
            </accessor>
          </technique_common>
        </source>
        <vertices id="steel_crossmember_y_72_mesh_004-mesh-vertices">
          <input semantic="POSITION" source="#steel_crossmember_y_72_mesh_004-mesh-positions"/>
        </vertices>
        <triangles material="galvanized_trailer_steel-material" count="12">
          <input semantic="VERTEX" source="#steel_crossmember_y_72_mesh_004-mesh-vertices" offset="0"/>
          <input semantic="NORMAL" source="#steel_crossmember_y_72_mesh_004-mesh-normals" offset="1"/>
          <input semantic="TEXCOORD" source="#steel_crossmember_y_72_mesh_004-mesh-map-0" offset="2" set="0"/>
          <p>1 0 0 2 0 1 0 0 2 3 1 3 6 1 4 2 1 5 7 2 6 4 2 7 6 2 8 5 3 9 0 3 10 4 3 11 6 4 12 0 4 13 2 4 14 3 5 15 5 5 16 7 5 17 1 0 18 3 0 19 2 0 20 3 1 21 7 1 22 6 1 23 7 2 24 5 2 25 4 2 26 5 3 27 1 3 28 0 3 29 6 4 30 4 4 31 0 4 32 3 5 33 1 5 34 5 5 35</p>
        </triangles>
      </mesh>
    </geometry>
    <geometry id="steel_crossmember_y_48_mesh_004-mesh" name="steel crossmember y=48 mesh.004">
      <mesh>
        <source id="steel_crossmember_y_48_mesh_004-mesh-positions">
          <float_array id="steel_crossmember_y_48_mesh_004-mesh-positions-array" count="24">-0.5 -0.5 -0.5 -0.5 -0.5 0.5 -0.5 0.5 -0.5 -0.5 0.5 0.5 0.5 -0.5 -0.5 0.5 -0.5 0.5 0.5 0.5 -0.5 0.5 0.5 0.5</float_array>
          <technique_common>
            <accessor source="#steel_crossmember_y_48_mesh_004-mesh-positions-array" count="8" stride="3">
              <param name="X" type="float"/>
              <param name="Y" type="float"/>
              <param name="Z" type="float"/>
            </accessor>
          </technique_common>
        </source>
        <source id="steel_crossmember_y_48_mesh_004-mesh-normals">
          <float_array id="steel_crossmember_y_48_mesh_004-mesh-normals-array" count="18">-1 0 0 0 1 0 1 0 0 0 -1 0 0 0 -1 0 0 1</float_array>
          <technique_common>
            <accessor source="#steel_crossmember_y_48_mesh_004-mesh-normals-array" count="6" stride="3">
              <param name="X" type="float"/>
              <param name="Y" type="float"/>
              <param name="Z" type="float"/>
            </accessor>
          </technique_common>
        </source>
        <source id="steel_crossmember_y_48_mesh_004-mesh-map-0">
          <float_array id="steel_crossmember_y_48_mesh_004-mesh-map-0-array" count="72">0.625 0 0.375 0.25 0.375 0 0.625 0.25 0.375 0.5 0.375 0.25 0.625 0.5 0.375 0.75 0.375 0.5 0.625 0.75 0.375 1 0.375 0.75 0.375 0.5 0.125 0.75 0.125 0.5 0.875 0.5 0.625 0.75 0.625 0.5 0.625 0 0.625 0.25 0.375 0.25 0.625 0.25 0.625 0.5 0.375 0.5 0.625 0.5 0.625 0.75 0.375 0.75 0.625 0.75 0.625 1 0.375 1 0.375 0.5 0.375 0.75 0.125 0.75 0.875 0.5 0.875 0.75 0.625 0.75</float_array>
          <technique_common>
            <accessor source="#steel_crossmember_y_48_mesh_004-mesh-map-0-array" count="36" stride="2">
              <param name="S" type="float"/>
              <param name="T" type="float"/>
            </accessor>
          </technique_common>
        </source>
        <vertices id="steel_crossmember_y_48_mesh_004-mesh-vertices">
          <input semantic="POSITION" source="#steel_crossmember_y_48_mesh_004-mesh-positions"/>
        </vertices>
        <triangles material="galvanized_trailer_steel-material" count="12">
          <input semantic="VERTEX" source="#steel_crossmember_y_48_mesh_004-mesh-vertices" offset="0"/>
          <input semantic="NORMAL" source="#steel_crossmember_y_48_mesh_004-mesh-normals" offset="1"/>
          <input semantic="TEXCOORD" source="#steel_crossmember_y_48_mesh_004-mesh-map-0" offset="2" set="0"/>
          <p>1 0 0 2 0 1 0 0 2 3 1 3 6 1 4 2 1 5 7 2 6 4 2 7 6 2 8 5 3 9 0 3 10 4 3 11 6 4 12 0 4 13 2 4 14 3 5 15 5 5 16 7 5 17 1 0 18 3 0 19 2 0 20 3 1 21 7 1 22 6 1 23 7 2 24 5 2 25 4 2 26 5 3 27 1 3 28 0 3 29 6 4 30 4 4 31 0 4 32 3 5 33 1 5 34 5 5 35</p>
        </triangles>
      </mesh>
    </geometry>
    <geometry id="steel_crossmember_y_24_mesh_004-mesh" name="steel crossmember y=24 mesh.004">
      <mesh>
        <source id="steel_crossmember_y_24_mesh_004-mesh-positions">
          <float_array id="steel_crossmember_y_24_mesh_004-mesh-positions-array" count="24">-0.5 -0.5 -0.5 -0.5 -0.5 0.5 -0.5 0.5 -0.5 -0.5 0.5 0.5 0.5 -0.5 -0.5 0.5 -0.5 0.5 0.5 0.5 -0.5 0.5 0.5 0.5</float_array>
          <technique_common>
            <accessor source="#steel_crossmember_y_24_mesh_004-mesh-positions-array" count="8" stride="3">
              <param name="X" type="float"/>
              <param name="Y" type="float"/>
              <param name="Z" type="float"/>
            </accessor>
          </technique_common>
        </source>
        <source id="steel_crossmember_y_24_mesh_004-mesh-normals">
          <float_array id="steel_crossmember_y_24_mesh_004-mesh-normals-array" count="18">-1 0 0 0 1 0 1 0 0 0 -1 0 0 0 -1 0 0 1</float_array>
          <technique_common>
            <accessor source="#steel_crossmember_y_24_mesh_004-mesh-normals-array" count="6" stride="3">
              <param name="X" type="float"/>
              <param name="Y" type="float"/>
              <param name="Z" type="float"/>
            </accessor>
          </technique_common>
        </source>
        <source id="steel_crossmember_y_24_mesh_004-mesh-map-0">
          <float_array id="steel_crossmember_y_24_mesh_004-mesh-map-0-array" count="72">0.625 0 0.375 0.25 0.375 0 0.625 0.25 0.375 0.5 0.375 0.25 0.625 0.5 0.375 0.75 0.375 0.5 0.625 0.75 0.375 1 0.375 0.75 0.375 0.5 0.125 0.75 0.125 0.5 0.875 0.5 0.625 0.75 0.625 0.5 0.625 0 0.625 0.25 0.375 0.25 0.625 0.25 0.625 0.5 0.375 0.5 0.625 0.5 0.625 0.75 0.375 0.75 0.625 0.75 0.625 1 0.375 1 0.375 0.5 0.375 0.75 0.125 0.75 0.875 0.5 0.875 0.75 0.625 0.75</float_array>
          <technique_common>
            <accessor source="#steel_crossmember_y_24_mesh_004-mesh-map-0-array" count="36" stride="2">
              <param name="S" type="float"/>
              <param name="T" type="float"/>
            </accessor>
          </technique_common>
        </source>
        <vertices id="steel_crossmember_y_24_mesh_004-mesh-vertices">
          <input semantic="POSITION" source="#steel_crossmember_y_24_mesh_004-mesh-positions"/>
        </vertices>
        <triangles material="galvanized_trailer_steel-material" count="12">
          <input semantic="VERTEX" source="#steel_crossmember_y_24_mesh_004-mesh-vertices" offset="0"/>
          <input semantic="NORMAL" source="#steel_crossmember_y_24_mesh_004-mesh-normals" offset="1"/>
          <input semantic="TEXCOORD" source="#steel_crossmember_y_24_mesh_004-mesh-map-0" offset="2" set="0"/>
          <p>1 0 0 2 0 1 0 0 2 3 1 3 6 1 4 2 1 5 7 2 6 4 2 7 6 2 8 5 3 9 0 3 10 4 3 11 6 4 12 0 4 13 2 4 14 3 5 15 5 5 16 7 5 17 1 0 18 3 0 19 2 0 20 3 1 21 7 1 22 6 1 23 7 2 24 5 2 25 4 2 26 5 3 27 1 3 28 0 3 29 6 4 30 4 4 31 0 4 32 3 5 33 1 5 34 5 5 35</p>
        </triangles>
      </mesh>
    </geometry>
    <geometry id="steel_crossmember_y_0_mesh_004-mesh" name="steel crossmember y=0 mesh.004">
      <mesh>
        <source id="steel_crossmember_y_0_mesh_004-mesh-positions">
          <float_array id="steel_crossmember_y_0_mesh_004-mesh-positions-array" count="24">-0.5 -0.5 -0.5 -0.5 -0.5 0.5 -0.5 0.5 -0.5 -0.5 0.5 0.5 0.5 -0.5 -0.5 0.5 -0.5 0.5 0.5 0.5 -0.5 0.5 0.5 0.5</float_array>
          <technique_common>
            <accessor source="#steel_crossmember_y_0_mesh_004-mesh-positions-array" count="8" stride="3">
              <param name="X" type="float"/>
              <param name="Y" type="float"/>
              <param name="Z" type="float"/>
            </accessor>
          </technique_common>
        </source>
        <source id="steel_crossmember_y_0_mesh_004-mesh-normals">
          <float_array id="steel_crossmember_y_0_mesh_004-mesh-normals-array" count="18">-1 0 0 0 1 0 1 0 0 0 -1 0 0 0 -1 0 0 1</float_array>
          <technique_common>
            <accessor source="#steel_crossmember_y_0_mesh_004-mesh-normals-array" count="6" stride="3">
              <param name="X" type="float"/>
              <param name="Y" type="float"/>
              <param name="Z" type="float"/>
            </accessor>
          </technique_common>
        </source>
        <source id="steel_crossmember_y_0_mesh_004-mesh-map-0">
          <float_array id="steel_crossmember_y_0_mesh_004-mesh-map-0-array" count="72">0.625 0 0.375 0.25 0.375 0 0.625 0.25 0.375 0.5 0.375 0.25 0.625 0.5 0.375 0.75 0.375 0.5 0.625 0.75 0.375 1 0.375 0.75 0.375 0.5 0.125 0.75 0.125 0.5 0.875 0.5 0.625 0.75 0.625 0.5 0.625 0 0.625 0.25 0.375 0.25 0.625 0.25 0.625 0.5 0.375 0.5 0.625 0.5 0.625 0.75 0.375 0.75 0.625 0.75 0.625 1 0.375 1 0.375 0.5 0.375 0.75 0.125 0.75 0.875 0.5 0.875 0.75 0.625 0.75</float_array>
          <technique_common>
            <accessor source="#steel_crossmember_y_0_mesh_004-mesh-map-0-array" count="36" stride="2">
              <param name="S" type="float"/>
              <param name="T" type="float"/>
            </accessor>
          </technique_common>
        </source>
        <vertices id="steel_crossmember_y_0_mesh_004-mesh-vertices">
          <input semantic="POSITION" source="#steel_crossmember_y_0_mesh_004-mesh-positions"/>
        </vertices>
        <triangles material="galvanized_trailer_steel-material" count="12">
          <input semantic="VERTEX" source="#steel_crossmember_y_0_mesh_004-mesh-vertices" offset="0"/>
          <input semantic="NORMAL" source="#steel_crossmember_y_0_mesh_004-mesh-normals" offset="1"/>
          <input semantic="TEXCOORD" source="#steel_crossmember_y_0_mesh_004-mesh-map-0" offset="2" set="0"/>
          <p>1 0 0 2 0 1 0 0 2 3 1 3 6 1 4 2 1 5 7 2 6 4 2 7 6 2 8 5 3 9 0 3 10 4 3 11 6 4 12 0 4 13 2 4 14 3 5 15 5 5 16 7 5 17 1 0 18 3 0 19 2 0 20 3 1 21 7 1 22 6 1 23 7 2 24 5 2 25 4 2 26 5 3 27 1 3 28 0 3 29 6 4 30 4 4 31 0 4 32 3 5 33 1 5 34 5 5 35</p>
        </triangles>
      </mesh>
    </geometry>
    <geometry id="right_steel_frame_rail_mesh_004-mesh" name="right steel frame rail mesh.004">
      <mesh>
        <source id="right_steel_frame_rail_mesh_004-mesh-positions">
          <float_array id="right_steel_frame_rail_mesh_004-mesh-positions-array" count="24">-0.5 -0.5 -0.5 -0.5 -0.5 0.5 -0.5 0.5 -0.5 -0.5 0.5 0.5 0.5 -0.5 -0.5 0.5 -0.5 0.5 0.5 0.5 -0.5 0.5 0.5 0.5</float_array>
          <technique_common>
            <accessor source="#right_steel_frame_rail_mesh_004-mesh-positions-array" count="8" stride="3">
              <param name="X" type="float"/>
              <param name="Y" type="float"/>
              <param name="Z" type="float"/>
            </accessor>
          </technique_common>
        </source>
        <source id="right_steel_frame_rail_mesh_004-mesh-normals">
          <float_array id="right_steel_frame_rail_mesh_004-mesh-normals-array" count="18">-1 0 0 0 1 0 1 0 0 0 -1 0 0 0 -1 0 0 1</float_array>
          <technique_common>
            <accessor source="#right_steel_frame_rail_mesh_004-mesh-normals-array" count="6" stride="3">
              <param name="X" type="float"/>
              <param name="Y" type="float"/>
              <param name="Z" type="float"/>
            </accessor>
          </technique_common>
        </source>
        <source id="right_steel_frame_rail_mesh_004-mesh-map-0">
          <float_array id="right_steel_frame_rail_mesh_004-mesh-map-0-array" count="72">0.625 0 0.375 0.25 0.375 0 0.625 0.25 0.375 0.5 0.375 0.25 0.625 0.5 0.375 0.75 0.375 0.5 0.625 0.75 0.375 1 0.375 0.75 0.375 0.5 0.125 0.75 0.125 0.5 0.875 0.5 0.625 0.75 0.625 0.5 0.625 0 0.625 0.25 0.375 0.25 0.625 0.25 0.625 0.5 0.375 0.5 0.625 0.5 0.625 0.75 0.375 0.75 0.625 0.75 0.625 1 0.375 1 0.375 0.5 0.375 0.75 0.125 0.75 0.875 0.5 0.875 0.75 0.625 0.75</float_array>
          <technique_common>
            <accessor source="#right_steel_frame_rail_mesh_004-mesh-map-0-array" count="36" stride="2">
              <param name="S" type="float"/>
              <param name="T" type="float"/>
            </accessor>
          </technique_common>
        </source>
        <vertices id="right_steel_frame_rail_mesh_004-mesh-vertices">
          <input semantic="POSITION" source="#right_steel_frame_rail_mesh_004-mesh-positions"/>
        </vertices>
        <triangles material="simple_black-painted_steel-material" count="12">
          <input semantic="VERTEX" source="#right_steel_frame_rail_mesh_004-mesh-vertices" offset="0"/>
          <input semantic="NORMAL" source="#right_steel_frame_rail_mesh_004-mesh-normals" offset="1"/>
          <input semantic="TEXCOORD" source="#right_steel_frame_rail_mesh_004-mesh-map-0" offset="2" set="0"/>
          <p>1 0 0 2 0 1 0 0 2 3 1 3 6 1 4 2 1 5 7 2 6 4 2 7 6 2 8 5 3 9 0 3 10 4 3 11 6 4 12 0 4 13 2 4 14 3 5 15 5 5 16 7 5 17 1 0 18 3 0 19 2 0 20 3 1 21 7 1 22 6 1 23 7 2 24 5 2 25 4 2 26 5 3 27 1 3 28 0 3 29 6 4 30 4 4 31 0 4 32 3 5 33 1 5 34 5 5 35</p>
        </triangles>
      </mesh>
    </geometry>
    <geometry id="left_steel_frame_rail_mesh_004-mesh" name="left steel frame rail mesh.004">
      <mesh>
        <source id="left_steel_frame_rail_mesh_004-mesh-positions">
          <float_array id="left_steel_frame_rail_mesh_004-mesh-positions-array" count="24">-0.5 -0.5 -0.5 -0.5 -0.5 0.5 -0.5 0.5 -0.5 -0.5 0.5 0.5 0.5 -0.5 -0.5 0.5 -0.5 0.5 0.5 0.5 -0.5 0.5 0.5 0.5</float_array>
          <technique_common>
            <accessor source="#left_steel_frame_rail_mesh_004-mesh-positions-array" count="8" stride="3">
              <param name="X" type="float"/>
              <param name="Y" type="float"/>
              <param name="Z" type="float"/>
            </accessor>
          </technique_common>
        </source>
        <source id="left_steel_frame_rail_mesh_004-mesh-normals">
          <float_array id="left_steel_frame_rail_mesh_004-mesh-normals-array" count="18">-1 0 0 0 1 0 1 0 0 0 -1 0 0 0 -1 0 0 1</float_array>
          <technique_common>
            <accessor source="#left_steel_frame_rail_mesh_004-mesh-normals-array" count="6" stride="3">
              <param name="X" type="float"/>
              <param name="Y" type="float"/>
              <param name="Z" type="float"/>
            </accessor>
          </technique_common>
        </source>
        <source id="left_steel_frame_rail_mesh_004-mesh-map-0">
          <float_array id="left_steel_frame_rail_mesh_004-mesh-map-0-array" count="72">0.625 0 0.375 0.25 0.375 0 0.625 0.25 0.375 0.5 0.375 0.25 0.625 0.5 0.375 0.75 0.375 0.5 0.625 0.75 0.375 1 0.375 0.75 0.375 0.5 0.125 0.75 0.125 0.5 0.875 0.5 0.625 0.75 0.625 0.5 0.625 0 0.625 0.25 0.375 0.25 0.625 0.25 0.625 0.5 0.375 0.5 0.625 0.5 0.625 0.75 0.375 0.75 0.625 0.75 0.625 1 0.375 1 0.375 0.5 0.375 0.75 0.125 0.75 0.875 0.5 0.875 0.75 0.625 0.75</float_array>
          <technique_common>
            <accessor source="#left_steel_frame_rail_mesh_004-mesh-map-0-array" count="36" stride="2">
              <param name="S" type="float"/>
              <param name="T" type="float"/>
            </accessor>
          </technique_common>
        </source>
        <vertices id="left_steel_frame_rail_mesh_004-mesh-vertices">
          <input semantic="POSITION" source="#left_steel_frame_rail_mesh_004-mesh-positions"/>
        </vertices>
        <triangles material="simple_black-painted_steel-material" count="12">
          <input semantic="VERTEX" source="#left_steel_frame_rail_mesh_004-mesh-vertices" offset="0"/>
          <input semantic="NORMAL" source="#left_steel_frame_rail_mesh_004-mesh-normals" offset="1"/>
          <input semantic="TEXCOORD" source="#left_steel_frame_rail_mesh_004-mesh-map-0" offset="2" set="0"/>
          <p>1 0 0 2 0 1 0 0 2 3 1 3 6 1 4 2 1 5 7 2 6 4 2 7 6 2 8 5 3 9 0 3 10 4 3 11 6 4 12 0 4 13 2 4 14 3 5 15 5 5 16 7 5 17 1 0 18 3 0 19 2 0 20 3 1 21 7 1 22 6 1 23 7 2 24 5 2 25 4 2 26 5 3 27 1 3 28 0 3 29 6 4 30 4 4 31 0 4 32 3 5 33 1 5 34 5 5 35</p>
        </triangles>
      </mesh>
    </geometry>
    <geometry id="_x12_plywood_trailer_deck_mesh-mesh" name="6x12 plywood trailer deck mesh">
      <mesh>
        <source id="_x12_plywood_trailer_deck_mesh-mesh-positions">
          <float_array id="_x12_plywood_trailer_deck_mesh-mesh-positions-array" count="24">-0.5 -0.5 -0.5 -0.5 -0.5 0.5 -0.5 0.5 -0.5 -0.5 0.5 0.5 0.5 -0.5 -0.5 0.5 -0.5 0.5 0.5 0.5 -0.5 0.5 0.5 0.5</float_array>
          <technique_common>
            <accessor source="#_x12_plywood_trailer_deck_mesh-mesh-positions-array" count="8" stride="3">
              <param name="X" type="float"/>
              <param name="Y" type="float"/>
              <param name="Z" type="float"/>
            </accessor>
          </technique_common>
        </source>
        <source id="_x12_plywood_trailer_deck_mesh-mesh-normals">
          <float_array id="_x12_plywood_trailer_deck_mesh-mesh-normals-array" count="18">-1 0 0 0 1 0 1 0 0 0 -1 0 0 0 -1 0 0 1</float_array>
          <technique_common>
            <accessor source="#_x12_plywood_trailer_deck_mesh-mesh-normals-array" count="6" stride="3">
              <param name="X" type="float"/>
              <param name="Y" type="float"/>
              <param name="Z" type="float"/>
            </accessor>
          </technique_common>
        </source>
        <source id="_x12_plywood_trailer_deck_mesh-mesh-map-0">
          <float_array id="_x12_plywood_trailer_deck_mesh-mesh-map-0-array" count="72">0.625 0 0.375 0.25 0.375 0 0.625 0.25 0.375 0.5 0.375 0.25 0.625 0.5 0.375 0.75 0.375 0.5 0.625 0.75 0.375 1 0.375 0.75 0.375 0.5 0.125 0.75 0.125 0.5 0.875 0.5 0.625 0.75 0.625 0.5 0.625 0 0.625 0.25 0.375 0.25 0.625 0.25 0.625 0.5 0.375 0.5 0.625 0.5 0.625 0.75 0.375 0.75 0.625 0.75 0.625 1 0.375 1 0.375 0.5 0.375 0.75 0.125 0.75 0.875 0.5 0.875 0.75 0.625 0.75</float_array>
          <technique_common>
            <accessor source="#_x12_plywood_trailer_deck_mesh-mesh-map-0-array" count="36" stride="2">
              <param name="S" type="float"/>
              <param name="T" type="float"/>
            </accessor>
          </technique_common>
        </source>
        <vertices id="_x12_plywood_trailer_deck_mesh-mesh-vertices">
          <input semantic="POSITION" source="#_x12_plywood_trailer_deck_mesh-mesh-positions"/>
        </vertices>
        <triangles material="unfinished_plywood_floor-material" count="12">
          <input semantic="VERTEX" source="#_x12_plywood_trailer_deck_mesh-mesh-vertices" offset="0"/>
          <input semantic="NORMAL" source="#_x12_plywood_trailer_deck_mesh-mesh-normals" offset="1"/>
          <input semantic="TEXCOORD" source="#_x12_plywood_trailer_deck_mesh-mesh-map-0" offset="2" set="0"/>
          <p>1 0 0 2 0 1 0 0 2 3 1 3 6 1 4 2 1 5 7 2 6 4 2 7 6 2 8 5 3 9 0 3 10 4 3 11 6 4 12 0 4 13 2 4 14 3 5 15 5 5 16 7 5 17 1 0 18 3 0 19 2 0 20 3 1 21 7 1 22 6 1 23 7 2 24 5 2 25 4 2 26 5 3 27 1 3 28 0 3 29 6 4 30 4 4 31 0 4 32 3 5 33 1 5 34 5 5 35</p>
        </triangles>
      </mesh>
    </geometry>
  </library_geometries>
  <library_visual_scenes>
    <visual_scene id="Scene" name="Scene">
      <node id="simple_jack_stand_004" name="simple jack stand.004" type="NODE">
        <matrix sid="transform">0.1016 0 0 16.1544 0 0.1016 0 -0.5588 0 0 0.4572 0.0762 0 0 0 1</matrix>
        <instance_geometry url="#simple_jack_stand_mesh_004-mesh" name="simple jack stand.004">
          <bind_material>
            <technique_common>
              <instance_material symbol="galvanized_trailer_steel-material" target="#galvanized_trailer_steel-material">
                <bind_vertex_input semantic="UVMap" input_semantic="TEXCOORD" input_set="0"/>
              </instance_material>
            </technique_common>
          </bind_material>
        </instance_geometry>
      </node>
      <node id="off-the-shelf_hitch_coupler_004" name="off-the-shelf hitch coupler.004" type="NODE">
        <matrix sid="transform">0.254 0 0 16.1544 0 0.254 0 -0.9652 0 0 0.127 0.2413 0 0 0 1</matrix>
        <instance_geometry url="#off-the-shelf_hitch_coupler_mesh_004-mesh" name="off-the-shelf hitch coupler.004">
          <bind_material>
            <technique_common>
              <instance_material symbol="simple_black-painted_steel-material" target="#simple_black-painted_steel-material">
                <bind_vertex_input semantic="UVMap" input_semantic="TEXCOORD" input_set="0"/>
              </instance_material>
            </technique_common>
          </bind_material>
        </instance_geometry>
      </node>
      <node id="right_A-frame_hitch_rail_004" name="right A-frame hitch rail.004" type="NODE">
        <matrix sid="transform">1 0 0 0 0 1 0 0 0 0 1 0 0 0 0 1</matrix>
        <instance_geometry url="#right_A-frame_hitch_rail_mesh_004-mesh" name="right A-frame hitch rail.004">
          <bind_material>
            <technique_common>
              <instance_material symbol="simple_black-painted_steel-material" target="#simple_black-painted_steel-material"/>
            </technique_common>
          </bind_material>
        </instance_geometry>
      </node>
      <node id="left_A-frame_hitch_rail_004" name="left A-frame hitch rail.004" type="NODE">
        <matrix sid="transform">1 0 0 0 0 1 0 0 0 0 1 0 0 0 0 1</matrix>
        <instance_geometry url="#left_A-frame_hitch_rail_mesh_004-mesh" name="left A-frame hitch rail.004">
          <bind_material>
            <technique_common>
              <instance_material symbol="simple_black-painted_steel-material" target="#simple_black-painted_steel-material"/>
            </technique_common>
          </bind_material>
        </instance_geometry>
      </node>
      <node id="right_simple_metal_fender_004" name="right simple metal fender.004" type="NODE">
        <matrix sid="transform">0.2794 0 0 17.3101 0 0.635 0 1.8415 0 0 0.0508 0.6604 0 0 0 1</matrix>
        <instance_geometry url="#right_simple_metal_fender_mesh_004-mesh" name="right simple metal fender.004">
          <bind_material>
            <technique_common>
              <instance_material symbol="corrugated_galvanized_metal-material" target="#corrugated_galvanized_metal-material">
                <bind_vertex_input semantic="UVMap" input_semantic="TEXCOORD" input_set="0"/>
              </instance_material>
            </technique_common>
          </bind_material>
        </instance_geometry>
      </node>
      <node id="left_simple_metal_fender_004" name="left simple metal fender.004" type="NODE">
        <matrix sid="transform">0.2794 0 0 14.9987 0 0.635 0 1.8415 0 0 0.0508 0.6604 0 0 0 1</matrix>
        <instance_geometry url="#left_simple_metal_fender_mesh_004-mesh" name="left simple metal fender.004">
          <bind_material>
            <technique_common>
              <instance_material symbol="corrugated_galvanized_metal-material" target="#corrugated_galvanized_metal-material">
                <bind_vertex_input semantic="UVMap" input_semantic="TEXCOORD" input_set="0"/>
              </instance_material>
            </technique_common>
          </bind_material>
        </instance_geometry>
      </node>
      <node id="right_trailer_wheel_galvanized_hub_004" name="right trailer wheel galvanized hub.004" type="NODE">
        <matrix sid="transform">-4.37114e-8 0 1 17.43583 0 1 0 1.8288 -1 0 -4.37114e-8 0.3048 0 0 0 1</matrix>
        <instance_geometry url="#right_trailer_wheel_galvanized_hub_mesh_004-mesh" name="right trailer wheel galvanized hub.004">
          <bind_material>
            <technique_common>
              <instance_material symbol="galvanized_trailer_steel-material" target="#galvanized_trailer_steel-material">
                <bind_vertex_input semantic="UVMap" input_semantic="TEXCOORD" input_set="0"/>
              </instance_material>
            </technique_common>
          </bind_material>
        </instance_geometry>
      </node>
      <node id="right_trailer_wheel_004" name="right trailer wheel.004" type="NODE">
        <matrix sid="transform">-4.37114e-8 0 1 17.3482 0 1 0 1.8288 -1 0 -4.37114e-8 0.3048 0 0 0 1</matrix>
        <instance_geometry url="#right_trailer_wheel_mesh_004-mesh" name="right trailer wheel.004">
          <bind_material>
            <technique_common>
              <instance_material symbol="rubber_tires-material" target="#rubber_tires-material">
                <bind_vertex_input semantic="UVMap" input_semantic="TEXCOORD" input_set="0"/>
              </instance_material>
            </technique_common>
          </bind_material>
        </instance_geometry>
      </node>
      <node id="left_trailer_wheel_galvanized_hub_004" name="left trailer wheel galvanized hub.004" type="NODE">
        <matrix sid="transform">-4.37114e-8 0 1 15.02537 0 1 0 1.8288 -1 0 -4.37114e-8 0.3048 0 0 0 1</matrix>
        <instance_geometry url="#left_trailer_wheel_galvanized_hub_mesh_004-mesh" name="left trailer wheel galvanized hub.004">
          <bind_material>
            <technique_common>
              <instance_material symbol="galvanized_trailer_steel-material" target="#galvanized_trailer_steel-material">
                <bind_vertex_input semantic="UVMap" input_semantic="TEXCOORD" input_set="0"/>
              </instance_material>
            </technique_common>
          </bind_material>
        </instance_geometry>
      </node>
      <node id="left_trailer_wheel_004" name="left trailer wheel.004" type="NODE">
        <matrix sid="transform">-4.37114e-8 0 1 14.9606 0 1 0 1.8288 -1 0 -4.37114e-8 0.3048 0 0 0 1</matrix>
        <instance_geometry url="#left_trailer_wheel_mesh_004-mesh" name="left trailer wheel.004">
          <bind_material>
            <technique_common>
              <instance_material symbol="rubber_tires-material" target="#rubber_tires-material">
                <bind_vertex_input semantic="UVMap" input_semantic="TEXCOORD" input_set="0"/>
              </instance_material>
            </technique_common>
          </bind_material>
        </instance_geometry>
      </node>
      <node id="single_axle_bar_004" name="single axle bar.004" type="NODE">
        <matrix sid="transform">2.2352 0 0 16.1544 0 0.1016 0 1.8288 0 0 0.1016 0.254 0 0 0 1</matrix>
        <instance_geometry url="#single_axle_bar_mesh_004-mesh" name="single axle bar.004">
          <bind_material>
            <technique_common>
              <instance_material symbol="simple_black-painted_steel-material" target="#simple_black-painted_steel-material">
                <bind_vertex_input semantic="UVMap" input_semantic="TEXCOORD" input_set="0"/>
              </instance_material>
            </technique_common>
          </bind_material>
        </instance_geometry>
      </node>
      <node id="steel_crossmember_y_141_004" name="steel crossmember y=141.004" type="NODE">
        <matrix sid="transform">1.5748 0 0 16.1544 0 0.0762 0 3.6195 0 0 0.0762 0.2159 0 0 0 1</matrix>
        <instance_geometry url="#steel_crossmember_y_141_mesh_004-mesh" name="steel crossmember y=141.004">
          <bind_material>
            <technique_common>
              <instance_material symbol="galvanized_trailer_steel-material" target="#galvanized_trailer_steel-material">
                <bind_vertex_input semantic="UVMap" input_semantic="TEXCOORD" input_set="0"/>
              </instance_material>
            </technique_common>
          </bind_material>
        </instance_geometry>
      </node>
      <node id="steel_crossmember_y_120_004" name="steel crossmember y=120.004" type="NODE">
        <matrix sid="transform">1.5748 0 0 16.1544 0 0.0762 0 3.0861 0 0 0.0762 0.2159 0 0 0 1</matrix>
        <instance_geometry url="#steel_crossmember_y_120_mesh_004-mesh" name="steel crossmember y=120.004">
          <bind_material>
            <technique_common>
              <instance_material symbol="galvanized_trailer_steel-material" target="#galvanized_trailer_steel-material">
                <bind_vertex_input semantic="UVMap" input_semantic="TEXCOORD" input_set="0"/>
              </instance_material>
            </technique_common>
          </bind_material>
        </instance_geometry>
      </node>
      <node id="steel_crossmember_y_96_004" name="steel crossmember y=96.004" type="NODE">
        <matrix sid="transform">1.5748 0 0 16.1544 0 0.0762 0 2.4765 0 0 0.0762 0.2159 0 0 0 1</matrix>
        <instance_geometry url="#steel_crossmember_y_96_mesh_004-mesh" name="steel crossmember y=96.004">
          <bind_material>
            <technique_common>
              <instance_material symbol="galvanized_trailer_steel-material" target="#galvanized_trailer_steel-material">
                <bind_vertex_input semantic="UVMap" input_semantic="TEXCOORD" input_set="0"/>
              </instance_material>
            </technique_common>
          </bind_material>
        </instance_geometry>
      </node>
      <node id="steel_crossmember_y_72_004" name="steel crossmember y=72.004" type="NODE">
        <matrix sid="transform">1.5748 0 0 16.1544 0 0.0762 0 1.8669 0 0 0.0762 0.2159 0 0 0 1</matrix>
        <instance_geometry url="#steel_crossmember_y_72_mesh_004-mesh" name="steel crossmember y=72.004">
          <bind_material>
            <technique_common>
              <instance_material symbol="galvanized_trailer_steel-material" target="#galvanized_trailer_steel-material">
                <bind_vertex_input semantic="UVMap" input_semantic="TEXCOORD" input_set="0"/>
              </instance_material>
            </technique_common>
          </bind_material>
        </instance_geometry>
      </node>
      <node id="steel_crossmember_y_48_004" name="steel crossmember y=48.004" type="NODE">
        <matrix sid="transform">1.5748 0 0 16.1544 0 0.0762 0 1.2573 0 0 0.0762 0.2159 0 0 0 1</matrix>
        <instance_geometry url="#steel_crossmember_y_48_mesh_004-mesh" name="steel crossmember y=48.004">
          <bind_material>
            <technique_common>
              <instance_material symbol="galvanized_trailer_steel-material" target="#galvanized_trailer_steel-material">
                <bind_vertex_input semantic="UVMap" input_semantic="TEXCOORD" input_set="0"/>
              </instance_material>
            </technique_common>
          </bind_material>
        </instance_geometry>
      </node>
      <node id="steel_crossmember_y_24_004" name="steel crossmember y=24.004" type="NODE">
        <matrix sid="transform">1.5748 0 0 16.1544 0 0.0762 0 0.6477 0 0 0.0762 0.2159 0 0 0 1</matrix>
        <instance_geometry url="#steel_crossmember_y_24_mesh_004-mesh" name="steel crossmember y=24.004">
          <bind_material>
            <technique_common>
              <instance_material symbol="galvanized_trailer_steel-material" target="#galvanized_trailer_steel-material">
                <bind_vertex_input semantic="UVMap" input_semantic="TEXCOORD" input_set="0"/>
              </instance_material>
            </technique_common>
          </bind_material>
        </instance_geometry>
      </node>
      <node id="steel_crossmember_y_0_004" name="steel crossmember y=0.004" type="NODE">
        <matrix sid="transform">1.5748 0 0 16.1544 0 0.0762 0 0.0381 0 0 0.0762 0.2159 0 0 0 1</matrix>
        <instance_geometry url="#steel_crossmember_y_0_mesh_004-mesh" name="steel crossmember y=0.004">
          <bind_material>
            <technique_common>
              <instance_material symbol="galvanized_trailer_steel-material" target="#galvanized_trailer_steel-material">
                <bind_vertex_input semantic="UVMap" input_semantic="TEXCOORD" input_set="0"/>
              </instance_material>
            </technique_common>
          </bind_material>
        </instance_geometry>
      </node>
      <node id="right_steel_frame_rail_004" name="right steel frame rail.004" type="NODE">
        <matrix sid="transform">0.1016 0 0 16.891 0 3.6576 0 1.8288 0 0 0.1016 0.2032 0 0 0 1</matrix>
        <instance_geometry url="#right_steel_frame_rail_mesh_004-mesh" name="right steel frame rail.004">
          <bind_material>
            <technique_common>
              <instance_material symbol="simple_black-painted_steel-material" target="#simple_black-painted_steel-material">
                <bind_vertex_input semantic="UVMap" input_semantic="TEXCOORD" input_set="0"/>
              </instance_material>
            </technique_common>
          </bind_material>
        </instance_geometry>
      </node>
      <node id="left_steel_frame_rail_004" name="left steel frame rail.004" type="NODE">
        <matrix sid="transform">0.1016 0 0 15.4178 0 3.6576 0 1.8288 0 0 0.1016 0.2032 0 0 0 1</matrix>
        <instance_geometry url="#left_steel_frame_rail_mesh_004-mesh" name="left steel frame rail.004">
          <bind_material>
            <technique_common>
              <instance_material symbol="simple_black-painted_steel-material" target="#simple_black-painted_steel-material">
                <bind_vertex_input semantic="UVMap" input_semantic="TEXCOORD" input_set="0"/>
              </instance_material>
            </technique_common>
          </bind_material>
        </instance_geometry>
      </node>
      <node id="_x12_plywood_trailer_deck" name="6x12 plywood trailer deck" type="NODE">
        <matrix sid="transform">1.8288 0 0 16.1544 0 3.6576 0 1.8288 0 0 0.0508 0.3302 0 0 0 1</matrix>
        <instance_geometry url="#_x12_plywood_trailer_deck_mesh-mesh" name="6x12 plywood trailer deck">
          <bind_material>
            <technique_common>
              <instance_material symbol="unfinished_plywood_floor-material" target="#unfinished_plywood_floor-material">
                <bind_vertex_input semantic="UVMap" input_semantic="TEXCOORD" input_set="0"/>
              </instance_material>
            </technique_common>
          </bind_material>
        </instance_geometry>
      </node>
    </visual_scene>
  </library_visual_scenes>
  <scene>
    <instance_visual_scene url="#Scene"/>
  </scene>
</COLLADA>